V1,V2,set
0.0,3557.0,12
0.0,3557.0,12
115.0,9671.0,12
115.0,9671.0,12
1.0,3966.0,12
30.0,7021.0,12
3.0,4375.0,12
2.0,4052.0,12
6.0,4970.0,12
5.0,4648.0,12
28.0,6926.0,12
17.0,5967.0,12
16.0,5771.0,12
21.0,6411.0,12
9.0,5176.0,12
31.0,7201.0,12
12.0,5563.0,12
66.0,8633.0,12
38.0,7495.0,12
20.0,6194.0,12
51.0,8010.0,12
88.0,9240.0,12
45.0,7896.0,12
33.0,7343.0,12
113.0,9637.0,12
27.0,6810.0,12
110.0,9616.0,12
58.0,8290.0,12
76.0,8874.0,12
91.0,9360.0,12
3.0,4375.0,12
4.0,4554.0,12
97.0,9457.0,12
55.0,8139.0,12
90.0,9312.0,12
10.0,5346.0,12
26.0,6788.0,12
77.0,8979.0,12
8.0,5145.0,12
23.0,6506.0,12
63.0,8502.0,12
42.0,7786.0,12
57.0,8207.0,12
53.0,8041.0,12
69.0,8682.0,12
54.0,8062.0,12
70.0,8765.0,12
41.0,7704.0,12
65.0,8541.0,12
99.0,9487.0,12
14.0,5704.0,12
80.0,9005.0,12
31.0,7201.0,12
93.0,9385.0,12
62.0,8427.0,12
75.0,8849.0,12
61.0,8414.0,12
33.0,7343.0,12
81.0,9023.0,12
40.0,7690.0,12
73.0,8840.0,12
50.0,7937.0,12
78.0,8987.0,12
48.0,7914.0,12
60.0,8340.0,12
39.0,7623.0,12
89.0,9242.0,12
46.0,7904.0,12
109.0,9610.0,12
107.0,9599.0,12
85.0,9079.0,12
56.0,8184.0,12
86.0,9147.0,12
15.0,5717.0,12
72.0,8822.0,12
11.0,5451.0,12
24.0,6617.0,12
71.0,8780.0,12
105.0,9569.0,12
11.0,5451.0,12
10.0,5346.0,12
96.0,9417.0,12
83.0,9034.0,12
37.0,7459.0,12
23.0,6506.0,12
21.0,6411.0,12
6.0,4970.0,12
4.0,4554.0,12
7.0,5064.0,12
5.0,4648.0,12
104.0,9539.0,12
25.0,6695.0,12
86.0,9147.0,12
64.0,8538.0,12
20.0,6194.0,12
19.0,6105.0,12
114.0,9650.0,12
1.0,3966.0,12
2.0,4052.0,12
36.0,7451.0,12
43.0,7811.0,12
35.0,7427.0,12
106.0,9594.0,12
7.0,5064.0,12
13.0,5625.0,12
102.0,9516.0,12
43.0,7811.0,12
24.0,6617.0,12
25.0,6695.0,12
35.0,7427.0,12
49.0,7930.0,12
103.0,9529.0,12
95.0,9407.0,12
94.0,9395.0,12
68.0,8660.0,12
19.0,6105.0,12
18.0,6030.0,12
101.0,9504.0,12
100.0,9497.0,12
39.0,7623.0,12
114.0,9671.0,23
114.0,9671.0,23
0.0,3557.0,23
0.0,3557.0,23
6.0,4970.0,23
1.0,3966.0,23
23.0,6528.0,23
10.0,5346.0,23
5.0,4645.0,23
2.0,4050.0,23
3.0,4375.0,23
75.0,8816.0,23
22.0,6335.0,23
49.0,7872.0,23
71.0,8773.0,23
34.0,7327.0,23
29.0,6946.0,23
25.0,6609.0,23
33.0,7226.0,23
28.0,6860.0,23
85.0,9156.0,23
12.0,5562.0,23
80.0,9025.0,23
112.0,9630.0,23
69.0,8665.0,23
38.0,7532.0,23
36.0,7389.0,23
44.0,7706.0,23
62.0,8408.0,23
15.0,5726.0,23
19.0,6027.0,23
20.0,6221.0,23
59.0,8283.0,23
51.0,7937.0,23
9.0,5165.0,23
63.0,8501.0,23
3.0,4375.0,23
4.0,4554.0,23
48.0,7764.0,23
31.0,7018.0,23
79.0,8922.0,23
58.0,8204.0,23
7.0,5062.0,23
84.0,9098.0,23
55.0,8066.0,23
70.0,8756.0,23
53.0,8032.0,23
56.0,8159.0,23
8.0,5080.0,23
14.0,5709.0,23
18.0,5941.0,23
46.0,7730.0,23
91.0,9348.0,23
52.0,7946.0,23
94.0,9383.0,23
66.0,8620.0,23
88.0,9231.0,23
43.0,7634.0,23
17.0,5925.0,23
92.0,9358.0,23
90.0,9261.0,23
65.0,8553.0,23
110.0,9613.0,23
82.0,9042.0,23
16.0,5852.0,23
60.0,8343.0,23
32.0,7137.0,23
61.0,8354.0,23
39.0,7585.0,23
11.0,5448.0,23
76.0,8856.0,23
83.0,9047.0,23
37.0,7424.0,23
77.0,8872.0,23
64.0,8535.0,23
98.0,9460.0,23
97.0,9430.0,23
78.0,8909.0,23
105.0,9561.0,23
11.0,5448.0,23
104.0,9525.0,23
57.0,8170.0,23
27.0,6769.0,23
4.0,4554.0,23
5.0,4645.0,23
32.0,7137.0,23
54.0,8051.0,23
47.0,7750.0,23
106.0,9574.0,23
19.0,6027.0,23
13.0,5623.0,23
99.0,9481.0,23
27.0,6769.0,23
9.0,5165.0,23
26.0,6684.0,23
96.0,9409.0,23
2.0,4050.0,23
1.0,3966.0,23
42.0,7616.0,23
67.0,8647.0,23
95.0,9399.0,23
100.0,9492.0,23
107.0,9595.0,23
20.0,6221.0,23
21.0,6298.0,23
26.0,6684.0,23
41.0,7605.0,23
40.0,7595.0,23
16.0,5852.0,23
31.0,7018.0,23
101.0,9505.0,23
109.0,9608.0,23
103.0,9515.0,23
108.0,9598.0,23
87.0,9221.0,23
87.0,9221.0,23
102.0,9510.0,23
13.0,5623.0,23
21.0,6298.0,23
37.0,7424.0,23
0.0,3557.0,14
114.0,9671.0,14
0.0,3557.0,14
114.0,9671.0,14
1.0,3966.0,14
6.0,4949.0,14
5.0,4596.0,14
2.0,4014.0,14
3.0,4375.0,14
10.0,5255.0,14
4.0,4533.0,14
16.0,5987.0,14
38.0,7598.0,14
20.0,6371.0,14
26.0,6945.0,14
11.0,5472.0,14
40.0,7635.0,14
15.0,5924.0,14
63.0,8422.0,14
44.0,7795.0,14
25.0,6917.0,14
50.0,7944.0,14
69.0,8552.0,14
19.0,6309.0,14
9.0,5202.0,14
21.0,6476.0,14
22.0,6660.0,14
70.0,8607.0,14
30.0,7067.0,14
78.0,8929.0,14
47.0,7935.0,14
58.0,8308.0,14
51.0,8027.0,14
88.0,9232.0,14
31.0,7097.0,14
86.0,9193.0,14
3.0,4375.0,14
12.0,5564.0,14
13.0,5722.0,14
91.0,9336.0,14
61.0,8399.0,14
98.0,9447.0,14
76.0,8892.0,14
73.0,8771.0,14
83.0,9077.0,14
72.0,8698.0,14
75.0,8811.0,14
108.0,9602.0,14
65.0,8442.0,14
71.0,8674.0,14
81.0,9049.0,14
41.0,7703.0,14
68.0,8472.0,14
90.0,9265.0,14
28.0,7029.0,14
17.0,6101.0,14
18.0,6238.0,14
36.0,7441.0,14
57.0,8230.0,14
35.0,7433.0,14
80.0,8974.0,14
59.0,8340.0,14
52.0,8054.0,14
54.0,8173.0,14
33.0,7293.0,14
32.0,7175.0,14
48.0,7942.0,14
17.0,6101.0,14
24.0,6804.0,14
60.0,8376.0,14
106.0,9550.0,14
7.0,5013.0,14
8.0,5123.0,14
13.0,5722.0,14
14.0,5831.0,14
55.0,8179.0,14
107.0,9585.0,14
21.0,6476.0,14
56.0,8228.0,14
46.0,7832.0,14
101.0,9501.0,14
92.0,9366.0,14
100.0,9463.0,14
74.0,8796.0,14
14.0,5831.0,14
11.0,5472.0,14
12.0,5564.0,14
28.0,7029.0,14
77.0,8910.0,14
45.0,7814.0,14
89.0,9249.0,14
84.0,9163.0,14
37.0,7514.0,14
85.0,9179.0,14
82.0,9065.0,14
52.0,8054.0,14
105.0,9527.0,14
8.0,5123.0,14
110.0,9627.0,14
22.0,6660.0,14
23.0,6738.0,14
32.0,7175.0,14
112.0,9651.0,14
110.0,9627.0,14
66.0,8460.0,14
95.0,9401.0,14
94.0,9393.0,14
42.0,7724.0,14
112.0,9651.0,14
34.0,7366.0,14
37.0,7514.0,14
33.0,7293.0,14
42.0,7724.0,14
18.0,6238.0,14
99.0,9461.0,14
103.0,9514.0,14
96.0,9415.0,14
34.0,7366.0,14
102.0,9508.0,14
23.0,6738.0,14
0.0,3557.0,25
118.0,9671.0,25
0.0,3557.0,25
118.0,9671.0,25
2.0,4014.0,25
1.0,3966.0,25
6.0,4970.0,25
5.0,4605.0,25
3.0,4375.0,25
4.0,4554.0,25
17.0,5862.0,25
66.0,8581.0,25
21.0,6412.0,25
61.0,8448.0,25
33.0,7298.0,25
14.0,5569.0,25
32.0,7237.0,25
13.0,5517.0,25
78.0,8964.0,25
16.0,5803.0,25
69.0,8750.0,25
35.0,7371.0,25
20.0,6198.0,25
42.0,7744.0,25
87.0,9202.0,25
52.0,8051.0,25
27.0,6872.0,25
10.0,5263.0,25
11.0,5355.0,25
80.0,9026.0,25
3.0,4375.0,25
94.0,9337.0,25
56.0,8230.0,25
36.0,7409.0,25
41.0,7656.0,25
9.0,5222.0,25
63.0,8516.0,25
38.0,7596.0,25
18.0,6030.0,25
68.0,8647.0,25
29.0,6952.0,25
89.0,9221.0,25
82.0,9084.0,25
96.0,9379.0,25
107.0,9550.0,25
77.0,8911.0,25
91.0,9287.0,25
93.0,9306.0,25
45.0,7850.0,25
85.0,9179.0,25
53.0,8120.0,25
60.0,8376.0,25
59.0,8358.0,25
55.0,8154.0,25
71.0,8761.0,25
23.0,6524.0,25
46.0,7929.0,25
43.0,7818.0,25
50.0,8031.0,25
116.0,9669.0,25
48.0,7951.0,25
58.0,8286.0,25
28.0,6924.0,25
49.0,8017.0,25
83.0,9146.0,25
15.0,5696.0,25
12.0,5395.0,25
111.0,9605.0,25
98.0,9410.0,25
76.0,8861.0,25
67.0,8635.0,25
90.0,9256.0,25
63.0,8516.0,25
31.0,7123.0,25
23.0,6524.0,25
21.0,6412.0,25
81.0,9042.0,25
57.0,8277.0,25
15.0,5696.0,25
37.0,7494.0,25
99.0,9457.0,25
74.0,8817.0,25
40.0,7624.0,25
115.0,9641.0,25
75.0,8843.0,25
109.0,9592.0,25
19.0,6105.0,25
25.0,6696.0,25
20.0,6198.0,25
26.0,6789.0,25
6.0,4970.0,25
7.0,5062.0,25
31.0,7123.0,25
30.0,7032.0,25
24.0,6611.0,25
102.0,9482.0,25
72.0,8786.0,25
103.0,9502.0,25
54.0,8141.0,25
37.0,7494.0,25
25.0,6696.0,25
24.0,6611.0,25
84.0,9163.0,25
44.0,7830.0,25
26.0,6789.0,25
73.0,8796.0,25
97.0,9389.0,25
8.0,5143.0,25
7.0,5062.0,25
30.0,7032.0,25
39.0,7612.0,25
8.0,5143.0,25
104.0,9517.0,25
19.0,6105.0,25
18.0,6030.0,25
105.0,9527.0,25
106.0,9540.0,25
47.0,7936.0,25
101.0,9467.0,25
114.0,9625.0,25
0.0,3557.0,16
0.0,3557.0,16
114.0,9671.0,16
114.0,9671.0,16
1.0,3966.0,16
19.0,6099.0,16
3.0,4375.0,16
6.0,4970.0,16
5.0,4645.0,16
2.0,4050.0,16
59.0,8233.0,16
84.0,9088.0,16
38.0,7430.0,16
10.0,5324.0,16
11.0,5572.0,16
33.0,7301.0,16
64.0,8458.0,16
9.0,5165.0,16
39.0,7553.0,16
32.0,7239.0,16
89.0,9247.0,16
87.0,9151.0,16
15.0,5915.0,16
47.0,7865.0,16
21.0,6262.0,16
72.0,8735.0,16
70.0,8694.0,16
49.0,7885.0,16
57.0,8218.0,16
96.0,9398.0,16
3.0,4375.0,16
4.0,4554.0,16
50.0,7950.0,16
92.0,9294.0,16
86.0,9140.0,16
53.0,8025.0,16
21.0,6262.0,16
82.0,9048.0,16
36.0,7410.0,16
10.0,5324.0,16
65.0,8538.0,16
8.0,5145.0,16
73.0,8789.0,16
56.0,8148.0,16
22.0,6412.0,16
97.0,9419.0,16
99.0,9440.0,16
46.0,7785.0,16
54.0,8083.0,16
80.0,8960.0,16
44.0,7758.0,16
29.0,6954.0,16
18.0,6043.0,16
81.0,9035.0,16
28.0,6950.0,16
61.0,8361.0,16
69.0,8648.0,16
17.0,6010.0,16
42.0,7624.0,16
107.0,9573.0,16
66.0,8562.0,16
22.0,6412.0,16
23.0,6527.0,16
40.0,7601.0,16
67.0,8602.0,16
74.0,8835.0,16
94.0,9340.0,16
79.0,8943.0,16
31.0,7137.0,16
100.0,9461.0,16
14.0,5818.0,16
13.0,5717.0,16
78.0,8910.0,16
94.0,9340.0,16
14.0,5818.0,16
61.0,8361.0,16
62.0,8404.0,16
31.0,7137.0,16
30.0,7041.0,16
75.0,8848.0,16
106.0,9533.0,16
25.0,6697.0,16
26.0,6791.0,16
7.0,5062.0,16
6.0,4970.0,16
5.0,4645.0,16
4.0,4554.0,16
24.0,6617.0,16
23.0,6527.0,16
108.0,9597.0,16
101.0,9488.0,16
30.0,7041.0,16
77.0,8896.0,16
35.0,7378.0,16
1.0,3966.0,16
2.0,4050.0,16
104.0,9516.0,16
112.0,9642.0,16
26.0,6791.0,16
27.0,6874.0,16
7.0,5062.0,16
90.0,9261.0,16
113.0,9663.0,16
24.0,6617.0,16
25.0,6697.0,16
43.0,7679.0,16
110.0,9618.0,16
111.0,9633.0,16
35.0,7378.0,16
41.0,7614.0,16
27.0,6874.0,16
12.0,5642.0,16
50.0,7950.0,16
53.0,8025.0,16
13.0,5717.0,16
103.0,9502.0,16
105.0,9532.0,16
12.0,5642.0,16
11.0,5572.0,16
102.0,9495.0,16
0.0,3552.0,0
114.0,9671.0,0
114.0,9671.0,0
0.0,3552.0,0
1.0,3961.0,0
21.0,6412.0,0
6.0,4966.0,0
5.0,4645.0,0
2.0,4050.0,0
3.0,4370.0,0
48.0,7865.0,0
11.0,5287.0,0
20.0,6159.0,0
31.0,7089.0,0
37.0,7398.0,0
29.0,7041.0,0
52.0,8062.0,0
47.0,7745.0,0
15.0,5681.0,0
63.0,8522.0,0
74.0,8875.0,0
54.0,8073.0,0
27.0,6874.0,0
87.0,9137.0,0
14.0,5629.0,0
77.0,8905.0,0
62.0,8452.0,0
51.0,7935.0,0
70.0,8729.0,0
68.0,8667.0,0
19.0,6101.0,0
18.0,5920.0,0
55.0,8168.0,0
45.0,7731.0,0
3.0,4370.0,0
4.0,4549.0,0
50.0,7925.0,0
33.0,7278.0,0
108.0,9585.0,0
22.0,6452.0,0
17.0,5907.0,0
65.0,8564.0,0
71.0,8743.0,0
106.0,9544.0,0
41.0,7630.0,0
72.0,8839.0,0
109.0,9607.0,0
12.0,5440.0,0
88.0,9218.0,0
85.0,9113.0,0
58.0,8282.0,0
9.0,5224.0,0
61.0,8379.0,0
66.0,8582.0,0
56.0,8199.0,0
82.0,9071.0,0
81.0,8985.0,0
67.0,8655.0,0
36.0,7321.0,0
57.0,8258.0,0
59.0,8353.0,0
39.0,7462.0,0
16.0,5806.0,0
97.0,9389.0,0
10.0,5240.0,0
79.0,8953.0,0
96.0,9340.0,0
102.0,9478.0,0
44.0,7673.0,0
13.0,5523.0,0
101.0,9446.0,0
78.0,8923.0,0
16.0,5806.0,0
6.0,4966.0,0
7.0,5064.0,0
32.0,7185.0,0
5.0,4645.0,0
4.0,4549.0,0
40.0,7534.0,0
26.0,6791.0,0
25.0,6697.0,0
32.0,7185.0,0
103.0,9505.0,0
84.0,9095.0,0
28.0,6950.0,0
23.0,6527.0,0
24.0,6617.0,0
73.0,8848.0,0
34.0,7302.0,0
1.0,3961.0,0
2.0,4050.0,0
94.0,9307.0,0
100.0,9428.0,0
91.0,9263.0,0
95.0,9330.0,0
92.0,9282.0,0
80.0,8984.0,0
89.0,9233.0,0
26.0,6791.0,0
13.0,5523.0,0
12.0,5440.0,0
112.0,9646.0,0
8.0,5145.0,0
7.0,5064.0,0
105.0,9530.0,0
24.0,6617.0,0
25.0,6697.0,0
60.0,8361.0,0
8.0,5145.0,0
99.0,9411.0,0
113.0,9660.0,0
104.0,9517.0,0
93.0,9295.0,0
83.0,9074.0,0
28.0,6950.0,0
98.0,9403.0,0
23.0,6527.0,0
35.0,7314.0,0
40.0,7534.0,0
111.0,9632.0,0
0.0,3552.0,7
0.0,3552.0,7
113.0,9671.0,7
113.0,9671.0,7
1.0,3961.0,7
11.0,5553.0,7
6.0,4966.0,7
5.0,4618.0,7
38.0,7605.0,7
28.0,7136.0,7
3.0,4370.0,7
2.0,4052.0,7
25.0,6909.0,7
37.0,7406.0,7
42.0,7659.0,7
10.0,5291.0,7
12.0,5613.0,7
30.0,7158.0,7
24.0,6745.0,7
103.0,9502.0,7
20.0,6370.0,7
70.0,8674.0,7
14.0,5853.0,7
9.0,5165.0,7
77.0,8876.0,7
85.0,9053.0,7
78.0,8917.0,7
4.0,4549.0,7
17.0,6155.0,7
16.0,5976.0,7
3.0,4370.0,7
15.0,5909.0,7
101.0,9464.0,7
51.0,7964.0,7
105.0,9524.0,7
88.0,9186.0,7
57.0,8170.0,7
73.0,8735.0,7
75.0,8766.0,7
109.0,9612.0,7
66.0,8504.0,7
58.0,8258.0,7
67.0,8573.0,7
86.0,9132.0,7
111.0,9634.0,7
44.0,7748.0,7
23.0,6729.0,7
21.0,6513.0,7
22.0,6656.0,7
21.0,6513.0,7
17.0,6155.0,7
18.0,6297.0,7
80.0,8949.0,7
34.0,7278.0,7
26.0,6996.0,7
55.0,8084.0,7
56.0,8157.0,7
26.0,6996.0,7
60.0,8316.0,7
52.0,8028.0,7
35.0,7336.0,7
13.0,5747.0,7
89.0,9247.0,7
61.0,8349.0,7
96.0,9372.0,7
69.0,8609.0,7
64.0,8460.0,7
94.0,9366.0,7
19.0,6345.0,7
10.0,5291.0,7
7.0,5020.0,7
8.0,5145.0,7
36.0,7362.0,7
84.0,9001.0,7
63.0,8398.0,7
50.0,7913.0,7
33.0,7249.0,7
46.0,7796.0,7
59.0,8265.0,7
87.0,9145.0,7
106.0,9550.0,7
13.0,5747.0,7
62.0,8394.0,7
100.0,9439.0,7
44.0,7748.0,7
48.0,7884.0,7
65.0,8473.0,7
53.0,8048.0,7
76.0,8781.0,7
107.0,9578.0,7
99.0,9415.0,7
112.0,9647.0,7
2.0,4052.0,7
1.0,3961.0,7
54.0,8071.0,7
68.0,8597.0,7
83.0,8986.0,7
108.0,9588.0,7
40.0,7638.0,7
32.0,7218.0,7
97.0,9389.0,7
49.0,7902.0,7
91.0,9270.0,7
98.0,9402.0,7
90.0,9264.0,7
92.0,9293.0,7
40.0,7638.0,7
92.0,9293.0,7
22.0,6656.0,7
81.0,8950.0,7
72.0,8720.0,7
5.0,4618.0,7
4.0,4549.0,7
16.0,5976.0,7
94.0,9366.0,7
32.0,7218.0,7
47.0,7855.0,7
6.0,4966.0,7
7.0,5020.0,7
18.0,6297.0,7
0.0,3552.0,29
113.0,9671.0,29
0.0,3552.0,29
113.0,9671.0,29
1.0,3961.0,29
20.0,6191.0,29
21.0,6412.0,29
5.0,4648.0,29
6.0,4966.0,29
2.0,4052.0,29
3.0,4370.0,29
31.0,7087.0,29
107.0,9574.0,29
55.0,8171.0,29
110.0,9604.0,29
81.0,9055.0,29
52.0,8135.0,29
13.0,5430.0,29
84.0,9165.0,29
35.0,7436.0,29
30.0,7000.0,29
16.0,5718.0,29
79.0,8942.0,29
46.0,7910.0,29
82.0,9105.0,29
100.0,9469.0,29
23.0,6527.0,29
4.0,4549.0,29
3.0,4370.0,29
112.0,9640.0,29
9.0,5224.0,29
22.0,6470.0,29
17.0,5859.0,29
18.0,6028.0,29
105.0,9533.0,29
11.0,5353.0,29
48.0,7987.0,29
98.0,9461.0,29
37.0,7535.0,29
42.0,7724.0,29
36.0,7442.0,29
89.0,9232.0,29
68.0,8664.0,29
90.0,9307.0,29
63.0,8455.0,29
32.0,7239.0,29
74.0,8836.0,29
102.0,9502.0,29
56.0,8258.0,29
41.0,7703.0,29
39.0,7621.0,29
17.0,5859.0,29
86.0,9192.0,29
38.0,7543.0,29
94.0,9376.0,29
43.0,7804.0,29
40.0,7632.0,29
14.0,5565.0,29
67.0,8599.0,29
70.0,8731.0,29
28.0,6952.0,29
76.0,8851.0,29
47.0,7920.0,29
33.0,7307.0,29
60.0,8374.0,29
71.0,8775.0,29
33.0,7307.0,29
69.0,8697.0,29
61.0,8438.0,29
97.0,9421.0,29
49.0,8028.0,29
14.0,5565.0,29
15.0,5672.0,29
44.0,7806.0,29
65.0,8565.0,29
91.0,9330.0,29
5.0,4648.0,29
4.0,4549.0,29
7.0,5064.0,29
6.0,4966.0,29
50.0,8042.0,29
26.0,6791.0,29
25.0,6697.0,29
10.0,5261.0,29
92.0,9353.0,29
1.0,3961.0,29
2.0,4052.0,29
24.0,6617.0,29
72.0,8801.0,29
88.0,9208.0,29
66.0,8584.0,29
19.0,6105.0,29
58.0,8281.0,29
59.0,8367.0,29
26.0,6791.0,29
27.0,6874.0,29
64.0,8537.0,29
8.0,5145.0,29
7.0,5064.0,29
25.0,6697.0,29
24.0,6617.0,29
8.0,5145.0,29
104.0,9520.0,29
96.0,9397.0,29
27.0,6874.0,29
93.0,9367.0,29
57.0,8264.0,29
18.0,6028.0,29
19.0,6105.0,29
78.0,8928.0,29
103.0,9509.0,29
62.0,8439.0,29
87.0,9197.0,29
76.0,8851.0,29
78.0,8928.0,29
32.0,7239.0,29
51.0,8071.0,29
12.0,5369.0,29
44.0,7806.0,29
28.0,6952.0,29
0.0,3552.0,8
113.0,9671.0,8
0.0,3552.0,8
113.0,9671.0,8
1.0,3960.0,8
2.0,4052.0,8
5.0,4648.0,8
6.0,4965.0,8
3.0,4369.0,8
22.0,6348.0,8
106.0,9593.0,8
60.0,8340.0,8
78.0,8929.0,8
33.0,7287.0,8
10.0,5186.0,8
97.0,9436.0,8
87.0,9180.0,8
8.0,5145.0,8
84.0,9167.0,8
90.0,9280.0,8
50.0,7933.0,8
38.0,7481.0,8
21.0,6311.0,8
19.0,6106.0,8
88.0,9243.0,8
73.0,8708.0,8
45.0,7793.0,8
53.0,8111.0,8
110.0,9621.0,8
80.0,8985.0,8
52.0,7981.0,8
62.0,8379.0,8
4.0,4549.0,8
3.0,4369.0,8
32.0,7163.0,8
47.0,7813.0,8
23.0,6524.0,8
11.0,5279.0,8
12.0,5453.0,8
15.0,5653.0,8
71.0,8674.0,8
77.0,8845.0,8
59.0,8236.0,8
39.0,7582.0,8
13.0,5561.0,8
99.0,9483.0,8
112.0,9651.0,8
83.0,9114.0,8
18.0,6031.0,8
17.0,5874.0,8
34.0,7353.0,8
43.0,7697.0,8
44.0,7721.0,8
70.0,8647.0,8
95.0,9406.0,8
102.0,9506.0,8
91.0,9358.0,8
69.0,8579.0,8
63.0,8412.0,8
42.0,7625.0,8
81.0,9012.0,8
74.0,8767.0,8
37.0,7422.0,8
49.0,7875.0,8
67.0,8499.0,8
20.0,6189.0,8
16.0,5771.0,8
56.0,8166.0,8
57.0,8183.0,8
76.0,8814.0,8
64.0,8463.0,8
30.0,7052.0,8
32.0,7163.0,8
35.0,7385.0,8
12.0,5453.0,8
58.0,8228.0,8
16.0,5771.0,8
17.0,5874.0,8
105.0,9571.0,8
75.0,8785.0,8
55.0,8121.0,8
5.0,4648.0,8
4.0,4549.0,8
6.0,4965.0,8
7.0,5064.0,8
104.0,9545.0,8
103.0,9527.0,8
27.0,6873.0,8
11.0,5279.0,8
26.0,6780.0,8
13.0,5561.0,8
1.0,3960.0,8
15.0,5653.0,8
2.0,4052.0,8
36.0,7408.0,8
23.0,6524.0,8
24.0,6614.0,8
40.0,7592.0,8
41.0,7617.0,8
25.0,6694.0,8
26.0,6780.0,8
66.0,8491.0,8
20.0,6189.0,8
65.0,8469.0,8
110.0,9621.0,8
7.0,5064.0,8
25.0,6694.0,8
24.0,6614.0,8
30.0,7052.0,8
93.0,9381.0,8
94.0,9397.0,8
28.0,6951.0,8
27.0,6873.0,8
92.0,9372.0,8
28.0,6951.0,8
29.0,7027.0,8
18.0,6031.0,8
54.0,8120.0,8
68.0,8560.0,8
100.0,9489.0,8
114.0,9671.0,15
0.0,3557.0,15
0.0,3557.0,15
114.0,9671.0,15
1.0,3966.0,15
30.0,7070.0,15
2.0,4052.0,15
3.0,4375.0,15
5.0,4626.0,15
6.0,4949.0,15
40.0,7619.0,15
18.0,6295.0,15
16.0,5972.0,15
24.0,6747.0,15
83.0,9025.0,15
60.0,8366.0,15
25.0,6905.0,15
56.0,8190.0,15
58.0,8286.0,15
99.0,9429.0,15
54.0,8101.0,15
20.0,6386.0,15
15.0,5911.0,15
44.0,7819.0,15
68.0,8656.0,15
81.0,8984.0,15
66.0,8578.0,15
10.0,5391.0,15
9.0,5202.0,15
38.0,7599.0,15
34.0,7365.0,15
23.0,6711.0,15
51.0,7927.0,15
42.0,7742.0,15
17.0,6119.0,15
50.0,7891.0,15
101.0,9449.0,15
11.0,5558.0,15
10.0,5391.0,15
73.0,8723.0,15
48.0,7864.0,15
106.0,9588.0,15
84.0,9114.0,15
35.0,7377.0,15
4.0,4533.0,15
3.0,4375.0,15
87.0,9180.0,15
71.0,8689.0,15
32.0,7151.0,15
78.0,8850.0,15
112.0,9649.0,15
17.0,6119.0,15
36.0,7470.0,15
52.0,8018.0,15
19.0,6365.0,15
55.0,8166.0,15
79.0,8937.0,15
97.0,9407.0,15
70.0,8678.0,15
47.0,7836.0,15
108.0,9612.0,15
64.0,8507.0,15
62.0,8421.0,15
53.0,8019.0,15
111.0,9631.0,15
88.0,9245.0,15
59.0,8291.0,15
67.0,8590.0,15
42.0,7742.0,15
36.0,7470.0,15
109.0,9621.0,15
21.0,6511.0,15
64.0,8507.0,15
76.0,8813.0,15
45.0,7831.0,15
102.0,9491.0,15
95.0,9383.0,15
75.0,8770.0,15
33.0,7249.0,15
62.0,8421.0,15
105.0,9559.0,15
21.0,6511.0,15
22.0,6619.0,15
27.0,6956.0,15
26.0,6926.0,15
14.0,5829.0,15
13.0,5725.0,15
74.0,8747.0,15
80.0,8939.0,15
33.0,7249.0,15
103.0,9518.0,15
104.0,9533.0,15
7.0,5043.0,15
6.0,4949.0,15
4.0,4533.0,15
5.0,4626.0,15
22.0,6619.0,15
28.0,6979.0,15
77.0,8841.0,15
1.0,3966.0,15
2.0,4052.0,15
12.0,5643.0,15
11.0,5558.0,15
89.0,9261.0,15
12.0,5643.0,15
13.0,5725.0,15
14.0,5829.0,15
85.0,9131.0,15
32.0,7151.0,15
93.0,9315.0,15
92.0,9301.0,15
90.0,9276.0,15
8.0,5122.0,15
9.0,5202.0,15
7.0,5043.0,15
8.0,5122.0,15
91.0,9288.0,15
96.0,9394.0,15
28.0,6979.0,15
38.0,7599.0,15
0.0,3557.0,2
0.0,3557.0,2
114.0,9671.0,2
114.0,9671.0,2
1.0,3966.0,2
2.0,4052.0,2
3.0,4375.0,2
5.0,4648.0,2
6.0,4970.0,2
21.0,6417.0,2
16.0,5764.0,2
69.0,8671.0,2
42.0,7548.0,2
33.0,7146.0,2
72.0,8734.0,2
29.0,7032.0,2
48.0,7837.0,2
46.0,7749.0,2
105.0,9569.0,2
20.0,6198.0,2
78.0,8935.0,2
14.0,5565.0,2
65.0,8507.0,2
39.0,7347.0,2
88.0,9242.0,2
51.0,7965.0,2
41.0,7475.0,2
75.0,8809.0,2
27.0,6873.0,2
73.0,8762.0,2
10.0,5260.0,2
3.0,4375.0,2
4.0,4554.0,2
57.0,8228.0,2
12.0,5368.0,2
9.0,5224.0,2
18.0,6030.0,2
17.0,5862.0,2
58.0,8293.0,2
52.0,8046.0,2
22.0,6456.0,2
11.0,5352.0,2
64.0,8411.0,2
44.0,7644.0,2
99.0,9419.0,2
79.0,8948.0,2
53.0,8075.0,2
80.0,9037.0,2
44.0,7644.0,2
36.0,7291.0,2
47.0,7768.0,2
68.0,8610.0,2
84.0,9087.0,2
112.0,9654.0,2
34.0,7230.0,2
15.0,5626.0,2
85.0,9162.0,2
31.0,7065.0,2
54.0,8145.0,2
97.0,9401.0,2
66.0,8560.0,2
56.0,8172.0,2
95.0,9372.0,2
108.0,9600.0,2
94.0,9324.0,2
35.0,7231.0,2
102.0,9493.0,2
28.0,6921.0,2
50.0,7908.0,2
59.0,8338.0,2
67.0,8584.0,2
104.0,9531.0,2
13.0,5470.0,2
17.0,5862.0,2
101.0,9460.0,2
13.0,5470.0,2
100.0,9451.0,2
6.0,4970.0,2
7.0,5064.0,2
4.0,4554.0,2
26.0,6791.0,2
5.0,4648.0,2
25.0,6697.0,2
19.0,6105.0,2
20.0,6198.0,2
103.0,9519.0,2
76.0,8844.0,2
24.0,6617.0,2
23.0,6527.0,2
63.0,8402.0,2
76.0,8844.0,2
31.0,7065.0,2
1.0,3966.0,2
2.0,4052.0,2
89.0,9258.0,2
82.0,9060.0,2
96.0,9394.0,2
37.0,7320.0,2
26.0,6791.0,2
90.0,9273.0,2
7.0,5064.0,2
8.0,5145.0,2
110.0,9627.0,2
83.0,9076.0,2
109.0,9612.0,2
111.0,9639.0,2
24.0,6617.0,2
25.0,6697.0,2
93.0,9307.0,2
60.0,8348.0,2
8.0,5145.0,2
91.0,9286.0,2
81.0,9046.0,2
19.0,6105.0,2
18.0,6030.0,2
92.0,9298.0,2
86.0,9169.0,2
50.0,7908.0,2
23.0,6527.0,2
40.0,7412.0,2
0.0,3557.0,19
0.0,3557.0,19
113.0,9671.0,19
113.0,9671.0,19
11.0,5541.0,19
1.0,3966.0,19
3.0,4375.0,19
2.0,4050.0,19
6.0,4949.0,19
5.0,4626.0,19
10.0,5220.0,19
83.0,9047.0,19
84.0,9165.0,19
15.0,5904.0,19
25.0,6704.0,19
43.0,7635.0,19
26.0,6854.0,19
68.0,8682.0,19
61.0,8418.0,19
59.0,8374.0,19
48.0,7877.0,19
45.0,7687.0,19
70.0,8738.0,19
47.0,7742.0,19
62.0,8480.0,19
92.0,9296.0,19
75.0,8957.0,19
94.0,9366.0,19
97.0,9434.0,19
40.0,7532.0,19
34.0,7212.0,19
35.0,7323.0,19
39.0,7430.0,19
111.0,9628.0,19
66.0,8613.0,19
106.0,9553.0,19
110.0,9609.0,19
31.0,7001.0,19
50.0,7976.0,19
64.0,8566.0,19
108.0,9572.0,19
33.0,7199.0,19
4.0,4533.0,19
3.0,4375.0,19
49.0,7900.0,19
9.0,5202.0,19
99.0,9466.0,19
24.0,6674.0,19
56.0,8223.0,19
81.0,9012.0,19
57.0,8291.0,19
55.0,8197.0,19
18.0,6297.0,19
17.0,6155.0,19
63.0,8558.0,19
58.0,8314.0,19
86.0,9189.0,19
77.0,8976.0,19
42.0,7563.0,19
73.0,8822.0,19
17.0,6155.0,19
16.0,6022.0,19
37.0,7396.0,19
36.0,7334.0,19
14.0,5829.0,19
13.0,5703.0,19
102.0,9494.0,19
67.0,8627.0,19
21.0,6515.0,19
27.0,6870.0,19
16.0,6022.0,19
96.0,9395.0,19
54.0,8135.0,19
104.0,9498.0,19
46.0,7734.0,19
89.0,9245.0,19
12.0,5597.0,19
13.0,5703.0,19
72.0,8785.0,19
32.0,7106.0,19
28.0,6919.0,19
71.0,8771.0,19
52.0,8056.0,19
90.0,9260.0,19
32.0,7106.0,19
5.0,4626.0,19
4.0,4533.0,19
22.0,6518.0,19
23.0,6610.0,19
6.0,4949.0,19
7.0,5041.0,19
73.0,8822.0,19
91.0,9285.0,19
38.0,7412.0,19
20.0,6452.0,19
19.0,6366.0,19
41.0,7554.0,19
1.0,3966.0,19
2.0,4050.0,19
95.0,9371.0,19
8.0,5122.0,19
7.0,5041.0,19
78.0,8984.0,19
8.0,5122.0,19
79.0,9002.0,19
52.0,8056.0,19
54.0,8135.0,19
28.0,6919.0,19
30.0,6996.0,19
14.0,5829.0,19
87.0,9192.0,19
107.0,9557.0,19
75.0,8957.0,19
101.0,9483.0,19
100.0,9475.0,19
19.0,6366.0,19
18.0,6297.0,19
80.0,9009.0,19
23.0,6610.0,19
20.0,6452.0,19
114.0,9671.0,20
0.0,3557.0,20
0.0,3557.0,20
114.0,9671.0,20
1.0,3966.0,20
15.0,5649.0,20
3.0,4375.0,20
2.0,4052.0,20
21.0,6412.0,20
6.0,4970.0,20
5.0,4648.0,20
57.0,8194.0,20
16.0,5764.0,20
68.0,8590.0,20
83.0,9152.0,20
86.0,9190.0,20
93.0,9340.0,20
46.0,7801.0,20
34.0,7365.0,20
31.0,7056.0,20
81.0,9053.0,20
55.0,8123.0,20
20.0,6198.0,20
72.0,8733.0,20
43.0,7687.0,20
32.0,7203.0,20
23.0,6524.0,20
74.0,8748.0,20
29.0,6956.0,20
59.0,8267.0,20
37.0,7459.0,20
3.0,4375.0,20
4.0,4554.0,20
87.0,9246.0,20
91.0,9290.0,20
9.0,5223.0,20
106.0,9560.0,20
63.0,8392.0,20
70.0,8636.0,20
22.0,6467.0,20
13.0,5536.0,20
95.0,9378.0,20
75.0,8826.0,20
33.0,7205.0,20
27.0,6852.0,20
104.0,9523.0,20
28.0,6892.0,20
54.0,8087.0,20
30.0,7038.0,20
53.0,8021.0,20
82.0,9085.0,20
77.0,8885.0,20
71.0,8649.0,20
45.0,7726.0,20
64.0,8463.0,20
78.0,8955.0,20
52.0,7988.0,20
112.0,9619.0,20
38.0,7524.0,20
36.0,7390.0,20
17.0,5900.0,20
89.0,9260.0,20
60.0,8284.0,20
17.0,5900.0,20
18.0,6030.0,20
110.0,9612.0,20
50.0,7885.0,20
61.0,8344.0,20
97.0,9413.0,20
39.0,7545.0,20
40.0,7588.0,20
13.0,5536.0,20
76.0,8857.0,20
12.0,5425.0,20
98.0,9461.0,20
113.0,9645.0,20
62.0,8350.0,20
65.0,8485.0,20
49.0,7862.0,20
6.0,4970.0,20
7.0,5064.0,20
4.0,4554.0,20
5.0,4648.0,20
19.0,6105.0,20
26.0,6787.0,20
20.0,6198.0,20
25.0,6694.0,20
44.0,7705.0,20
24.0,6615.0,20
10.0,5260.0,20
11.0,5351.0,20
107.0,9584.0,20
96.0,9396.0,20
1.0,3966.0,20
2.0,4052.0,20
90.0,9272.0,20
66.0,8507.0,20
103.0,9509.0,20
41.0,7606.0,20
7.0,5064.0,20
8.0,5145.0,20
25.0,6694.0,20
24.0,6615.0,20
35.0,7374.0,20
8.0,5145.0,20
102.0,9495.0,20
79.0,8978.0,20
66.0,8507.0,20
18.0,6030.0,20
79.0,8978.0,20
19.0,6105.0,20
12.0,5425.0,20
11.0,5351.0,20
101.0,9486.0,20
100.0,9475.0,20
48.0,7843.0,20
108.0,9596.0,20
41.0,7606.0,20
109.0,9603.0,20
99.0,9467.0,20
113.0,9671.0,27
113.0,9671.0,27
0.0,3557.0,27
0.0,3557.0,27
1.0,3966.0,27
11.0,5572.0,27
2.0,4051.0,27
3.0,4375.0,27
6.0,4949.0,27
5.0,4626.0,27
26.0,6911.0,27
38.0,7505.0,27
85.0,9144.0,27
88.0,9221.0,27
22.0,6657.0,27
21.0,6478.0,27
10.0,5346.0,27
12.0,5636.0,27
31.0,7126.0,27
91.0,9253.0,27
24.0,6734.0,27
41.0,7678.0,27
47.0,7894.0,27
65.0,8575.0,27
9.0,5149.0,27
10.0,5346.0,27
48.0,7999.0,27
60.0,8403.0,27
28.0,6948.0,27
78.0,8948.0,27
33.0,7299.0,27
72.0,8805.0,27
61.0,8455.0,27
77.0,8908.0,27
55.0,8166.0,27
101.0,9467.0,27
29.0,6985.0,27
70.0,8703.0,27
64.0,8497.0,27
8.0,5119.0,27
39.0,7610.0,27
25.0,6753.0,27
4.0,4533.0,27
3.0,4375.0,27
37.0,7416.0,27
71.0,8709.0,27
75.0,8883.0,27
57.0,8225.0,27
19.0,6393.0,27
34.0,7356.0,27
52.0,8074.0,27
80.0,8978.0,27
17.0,6154.0,27
18.0,6297.0,27
96.0,9372.0,27
103.0,9494.0,27
53.0,8142.0,27
42.0,7705.0,27
16.0,6020.0,27
15.0,5883.0,27
44.0,7775.0,27
59.0,8323.0,27
16.0,6020.0,27
17.0,6154.0,27
45.0,7844.0,27
98.0,9380.0,27
100.0,9433.0,27
43.0,7763.0,27
83.0,9020.0,27
66.0,8641.0,27
93.0,9295.0,27
87.0,9179.0,27
57.0,8225.0,27
107.0,9566.0,27
73.0,8830.0,27
74.0,8861.0,27
99.0,9396.0,27
13.0,5743.0,27
106.0,9537.0,27
32.0,7232.0,27
68.0,8652.0,27
94.0,9345.0,27
46.0,7854.0,27
111.0,9627.0,27
112.0,9656.0,27
59.0,8323.0,27
92.0,9281.0,27
51.0,8051.0,27
18.0,6297.0,27
6.0,4949.0,27
7.0,5043.0,27
4.0,4533.0,27
5.0,4626.0,27
108.0,9596.0,27
105.0,9514.0,27
82.0,9010.0,27
86.0,9158.0,27
49.0,8027.0,27
81.0,8984.0,27
2.0,4051.0,27
21.0,6478.0,27
1.0,3966.0,27
19.0,6393.0,27
63.0,8468.0,27
95.0,9346.0,27
50.0,8032.0,27
54.0,8161.0,27
110.0,9611.0,27
22.0,6657.0,27
36.0,7402.0,27
30.0,7061.0,27
7.0,5043.0,27
104.0,9500.0,27
13.0,5743.0,27
14.0,5816.0,27
109.0,9604.0,27
39.0,7610.0,27
15.0,5883.0,27
32.0,7232.0,27
14.0,5816.0,27
0.0,3557.0,13
0.0,3557.0,13
114.0,9671.0,13
114.0,9671.0,13
1.0,3966.0,13
20.0,6196.0,13
5.0,4645.0,13
6.0,4970.0,13
2.0,4050.0,13
3.0,4375.0,13
36.0,7283.0,13
73.0,8674.0,13
38.0,7322.0,13
21.0,6407.0,13
40.0,7397.0,13
46.0,7727.0,13
44.0,7483.0,13
34.0,7194.0,13
74.0,8746.0,13
42.0,7423.0,13
70.0,8630.0,13
78.0,8858.0,13
25.0,6671.0,13
59.0,8282.0,13
90.0,9280.0,13
88.0,9254.0,13
106.0,9601.0,13
31.0,7018.0,13
29.0,6988.0,13
95.0,9406.0,13
60.0,8316.0,13
8.0,5143.0,13
54.0,8096.0,13
109.0,9620.0,13
51.0,7964.0,13
3.0,4375.0,13
4.0,4554.0,13
97.0,9419.0,13
32.0,7085.0,13
33.0,7138.0,13
67.0,8505.0,13
68.0,8601.0,13
45.0,7571.0,13
48.0,7812.0,13
101.0,9513.0,13
64.0,8466.0,13
63.0,8394.0,13
18.0,6030.0,13
17.0,5885.0,13
83.0,9061.0,13
91.0,9358.0,13
82.0,9035.0,13
50.0,7886.0,13
93.0,9384.0,13
79.0,8933.0,13
47.0,7774.0,13
53.0,8019.0,13
11.0,5284.0,13
103.0,9539.0,13
16.0,5750.0,13
17.0,5885.0,13
23.0,6508.0,13
84.0,9126.0,13
57.0,8209.0,13
76.0,8819.0,13
98.0,9473.0,13
57.0,8209.0,13
9.0,5200.0,13
55.0,8152.0,13
52.0,8013.0,13
15.0,5644.0,13
16.0,5750.0,13
12.0,5367.0,13
13.0,5471.0,13
21.0,6407.0,13
23.0,6508.0,13
86.0,9149.0,13
76.0,8819.0,13
7.0,5062.0,13
6.0,4970.0,13
4.0,4554.0,13
5.0,4645.0,13
28.0,6922.0,13
27.0,6831.0,13
80.0,8945.0,13
14.0,5555.0,13
15.0,5644.0,13
19.0,6108.0,13
45.0,7571.0,13
24.0,6586.0,13
100.0,9492.0,13
13.0,5471.0,13
9.0,5200.0,13
26.0,6747.0,13
1.0,3966.0,13
2.0,4050.0,13
11.0,5284.0,13
27.0,6831.0,13
14.0,5555.0,13
12.0,5367.0,13
69.0,8608.0,13
65.0,8492.0,13
112.0,9644.0,13
7.0,5062.0,13
113.0,9665.0,13
92.0,9371.0,13
62.0,8369.0,13
19.0,6108.0,13
24.0,6586.0,13
18.0,6030.0,13
87.0,9177.0,13
85.0,9135.0,13
26.0,6747.0,13
99.0,9482.0,13
111.0,9637.0,13
110.0,9626.0,13
66.0,8495.0,13
28.0,6922.0,13
81.0,8970.0,13
49.0,7875.0,13
0.0,3557.0,18
114.0,9671.0,18
0.0,3557.0,18
114.0,9671.0,18
1.0,3966.0,18
2.0,4052.0,18
3.0,4375.0,18
5.0,4648.0,18
6.0,4970.0,18
48.0,7958.0,18
58.0,8269.0,18
21.0,6411.0,18
32.0,7236.0,18
11.0,5286.0,18
50.0,8027.0,18
9.0,5223.0,18
34.0,7299.0,18
99.0,9423.0,18
35.0,7372.0,18
80.0,8955.0,18
88.0,9214.0,18
20.0,6195.0,18
56.0,8178.0,18
64.0,8566.0,18
16.0,5718.0,18
17.0,5921.0,18
110.0,9618.0,18
65.0,8584.0,18
108.0,9604.0,18
67.0,8659.0,18
47.0,7829.0,18
41.0,7641.0,18
15.0,5625.0,18
94.0,9318.0,18
37.0,7498.0,18
14.0,5585.0,18
72.0,8735.0,18
36.0,7473.0,18
3.0,4375.0,18
4.0,4554.0,18
76.0,8819.0,18
101.0,9478.0,18
90.0,9258.0,18
86.0,9132.0,18
77.0,8916.0,18
38.0,7601.0,18
74.0,8788.0,18
81.0,9048.0,18
84.0,9088.0,18
59.0,8359.0,18
97.0,9400.0,18
52.0,8050.0,18
71.0,8714.0,18
112.0,9645.0,18
69.0,8693.0,18
92.0,9294.0,18
78.0,8931.0,18
62.0,8482.0,18
106.0,9579.0,18
54.0,8079.0,18
44.0,7740.0,18
87.0,9149.0,18
45.0,7801.0,18
12.0,5376.0,18
13.0,5497.0,18
95.0,9371.0,18
104.0,9538.0,18
18.0,6030.0,18
17.0,5921.0,18
103.0,9511.0,18
31.0,7137.0,18
31.0,7137.0,18
30.0,7038.0,18
22.0,6429.0,18
23.0,6524.0,18
105.0,9569.0,18
7.0,5064.0,18
6.0,4970.0,18
25.0,6697.0,18
4.0,4554.0,18
26.0,6791.0,18
5.0,4648.0,18
16.0,5718.0,18
23.0,6524.0,18
24.0,6617.0,18
61.0,8391.0,18
12.0,5376.0,18
20.0,6195.0,18
19.0,6105.0,18
91.0,9278.0,18
13.0,5497.0,18
68.0,8673.0,18
102.0,9488.0,18
2.0,4052.0,18
1.0,3966.0,18
40.0,7632.0,18
60.0,8374.0,18
82.0,9061.0,18
39.0,7609.0,18
75.0,8791.0,18
62.0,8482.0,18
27.0,6874.0,18
29.0,6955.0,18
30.0,7038.0,18
26.0,6791.0,18
96.0,9377.0,18
53.0,8073.0,18
55.0,8161.0,18
46.0,7816.0,18
8.0,5145.0,18
7.0,5064.0,18
83.0,9080.0,18
25.0,6697.0,18
24.0,6617.0,18
113.0,9660.0,18
8.0,5145.0,18
43.0,7718.0,18
28.0,6950.0,18
27.0,6874.0,18
43.0,7718.0,18
0.0,3557.0,4
0.0,3557.0,4
115.0,9671.0,4
115.0,9671.0,4
1.0,3966.0,4
5.0,4626.0,4
2.0,4052.0,4
6.0,4949.0,4
3.0,4375.0,4
14.0,5767.0,4
78.0,8916.0,4
10.0,5239.0,4
18.0,6292.0,4
71.0,8646.0,4
44.0,7576.0,4
68.0,8584.0,4
36.0,7255.0,4
24.0,6594.0,4
52.0,8019.0,4
80.0,8955.0,4
58.0,8265.0,4
74.0,8688.0,4
75.0,8838.0,4
65.0,8468.0,4
35.0,7204.0,4
95.0,9346.0,4
86.0,9090.0,4
45.0,7702.0,4
21.0,6364.0,4
88.0,9160.0,4
31.0,7033.0,4
76.0,8850.0,4
27.0,6819.0,4
32.0,7108.0,4
94.0,9308.0,4
51.0,7952.0,4
62.0,8440.0,4
28.0,6868.0,4
11.0,5404.0,4
47.0,7788.0,4
26.0,6741.0,4
108.0,9572.0,4
29.0,6934.0,4
92.0,9278.0,4
3.0,4375.0,4
4.0,4533.0,4
106.0,9526.0,4
61.0,8337.0,4
66.0,8558.0,4
48.0,7822.0,4
23.0,6537.0,4
30.0,6975.0,4
16.0,5999.0,4
17.0,6151.0,4
99.0,9423.0,4
17.0,6151.0,4
15.0,5907.0,4
46.0,7713.0,4
13.0,5646.0,4
12.0,5507.0,4
81.0,9031.0,4
63.0,8453.0,4
49.0,7890.0,4
40.0,7359.0,4
56.0,8200.0,4
89.0,9170.0,4
22.0,6494.0,4
13.0,5646.0,4
41.0,7423.0,4
25.0,6710.0,4
50.0,7902.0,4
43.0,7519.0,4
97.0,9402.0,4
54.0,8068.0,4
33.0,7160.0,4
11.0,5404.0,4
12.0,5507.0,4
59.0,8314.0,4
100.0,9445.0,4
41.0,7423.0,4
43.0,7519.0,4
91.0,9256.0,4
6.0,4949.0,4
7.0,5043.0,4
5.0,4626.0,4
4.0,4533.0,4
16.0,5999.0,4
15.0,5907.0,4
101.0,9468.0,4
114.0,9663.0,4
113.0,9637.0,4
1.0,3966.0,4
2.0,4052.0,4
39.0,7346.0,4
110.0,9595.0,4
72.0,8668.0,4
103.0,9498.0,4
102.0,9482.0,4
85.0,9071.0,4
7.0,5043.0,4
8.0,5123.0,4
67.0,8571.0,4
112.0,9629.0,4
8.0,5123.0,4
9.0,5202.0,4
104.0,9512.0,4
55.0,8123.0,4
109.0,9580.0,4
83.0,9052.0,4
82.0,9040.0,4
97.0,9402.0,4
73.0,8676.0,4
84.0,9062.0,4
38.0,7327.0,4
38.0,7327.0,4
20.0,6360.0,4
105.0,9522.0,4
90.0,9237.0,4
56.0,8200.0,4
19.0,6350.0,4
0.0,3557.0,1
113.0,9671.0,1
113.0,9671.0,1
0.0,3557.0,1
1.0,3966.0,1
106.0,9573.0,1
3.0,4375.0,1
2.0,4052.0,1
5.0,4648.0,1
6.0,4970.0,1
18.0,6030.0,1
101.0,9473.0,1
77.0,8875.0,1
80.0,8957.0,1
103.0,9521.0,1
55.0,8139.0,1
45.0,7651.0,1
35.0,7399.0,1
109.0,9621.0,1
83.0,8979.0,1
58.0,8166.0,1
84.0,9070.0,1
75.0,8787.0,1
70.0,8717.0,1
32.0,7178.0,1
13.0,5520.0,1
31.0,7134.0,1
69.0,8588.0,1
17.0,5839.0,1
38.0,7438.0,1
61.0,8288.0,1
39.0,7555.0,1
19.0,6105.0,1
3.0,4375.0,1
4.0,4554.0,1
97.0,9395.0,1
33.0,7277.0,1
14.0,5562.0,1
53.0,8024.0,1
9.0,5176.0,1
34.0,7302.0,1
51.0,7927.0,1
43.0,7611.0,1
54.0,8090.0,1
62.0,8403.0,1
60.0,8272.0,1
10.0,5267.0,1
59.0,8179.0,1
46.0,7736.0,1
111.0,9642.0,1
52.0,7967.0,1
37.0,7423.0,1
73.0,8764.0,1
87.0,9170.0,1
88.0,9235.0,1
50.0,7846.0,1
76.0,8856.0,1
48.0,7821.0,1
47.0,7750.0,1
24.0,6615.0,1
23.0,6477.0,1
11.0,5284.0,1
12.0,5421.0,1
28.0,6952.0,1
81.0,8974.0,1
85.0,9126.0,1
15.0,5643.0,1
16.0,5755.0,1
21.0,6267.0,1
20.0,6158.0,1
95.0,9354.0,1
22.0,6371.0,1
23.0,6477.0,1
22.0,6371.0,1
21.0,6267.0,1
102.0,9493.0,1
65.0,8535.0,1
12.0,5421.0,1
86.0,9144.0,1
26.0,6788.0,1
25.0,6691.0,1
30.0,7037.0,1
96.0,9379.0,1
89.0,9260.0,1
5.0,4648.0,1
7.0,5064.0,1
62.0,8403.0,1
64.0,8497.0,1
4.0,4554.0,1
6.0,4970.0,1
94.0,9327.0,1
64.0,8497.0,1
72.0,8749.0,1
42.0,7587.0,1
71.0,8731.0,1
2.0,4052.0,1
1.0,3966.0,1
67.0,8560.0,1
27.0,6873.0,1
26.0,6788.0,1
92.0,9297.0,1
93.0,9315.0,1
17.0,5839.0,1
16.0,5755.0,1
30.0,7037.0,1
29.0,6953.0,1
68.0,8576.0,1
7.0,5064.0,1
8.0,5145.0,1
15.0,5643.0,1
49.0,7837.0,1
90.0,9275.0,1
66.0,8545.0,1
27.0,6873.0,1
97.0,9395.0,1
40.0,7568.0,1
91.0,9285.0,1
24.0,6615.0,1
25.0,6691.0,1
110.0,9627.0,1
113.0,9671.0,24
0.0,3552.0,24
113.0,9671.0,24
0.0,3552.0,24
1.0,3961.0,24
20.0,6159.0,24
21.0,6412.0,24
6.0,4966.0,24
5.0,4648.0,24
3.0,4370.0,24
2.0,4052.0,24
45.0,7751.0,24
47.0,7807.0,24
76.0,8871.0,24
54.0,8115.0,24
11.0,5287.0,24
79.0,8908.0,24
17.0,5885.0,24
50.0,8032.0,24
52.0,8077.0,24
84.0,9013.0,24
39.0,7603.0,24
85.0,9108.0,24
32.0,7239.0,24
15.0,5635.0,24
38.0,7432.0,24
87.0,9147.0,24
68.0,8665.0,24
56.0,8179.0,24
23.0,6527.0,24
40.0,7621.0,24
82.0,8971.0,24
42.0,7708.0,24
48.0,7921.0,24
3.0,4370.0,24
4.0,4549.0,24
97.0,9402.0,24
81.0,8917.0,24
22.0,6457.0,24
105.0,9563.0,24
12.0,5454.0,24
103.0,9522.0,24
49.0,7933.0,24
88.0,9225.0,24
75.0,8800.0,24
9.0,5223.0,24
63.0,8478.0,24
19.0,6101.0,24
18.0,5954.0,24
60.0,8299.0,24
66.0,8579.0,24
27.0,6872.0,24
28.0,6876.0,24
16.0,5748.0,24
14.0,5566.0,24
10.0,5244.0,24
99.0,9436.0,24
31.0,7123.0,24
100.0,9482.0,24
16.0,5748.0,24
64.0,8534.0,24
58.0,8269.0,24
13.0,5562.0,24
12.0,5454.0,24
94.0,9326.0,24
66.0,8579.0,24
5.0,4648.0,24
4.0,4549.0,24
7.0,5064.0,24
6.0,4966.0,24
42.0,7708.0,24
72.0,8733.0,24
89.0,9248.0,24
71.0,8721.0,24
26.0,6791.0,24
25.0,6697.0,24
74.0,8771.0,24
73.0,8762.0,24
30.0,7031.0,24
31.0,7123.0,24
112.0,9651.0,24
1.0,3961.0,24
2.0,4052.0,24
111.0,9634.0,24
24.0,6617.0,24
90.0,9266.0,24
98.0,9418.0,24
106.0,9581.0,24
93.0,9307.0,24
70.0,8693.0,24
91.0,9283.0,24
59.0,8278.0,24
69.0,8691.0,24
95.0,9353.0,24
8.0,5145.0,24
26.0,6791.0,24
7.0,5064.0,24
110.0,9615.0,24
25.0,6697.0,24
36.0,7408.0,24
24.0,6617.0,24
34.0,7328.0,24
29.0,6956.0,24
102.0,9505.0,24
37.0,7423.0,24
92.0,9296.0,24
8.0,5145.0,24
101.0,9497.0,24
107.0,9597.0,24
34.0,7328.0,24
30.0,7031.0,24
62.0,8440.0,24
29.0,6956.0,24
61.0,8365.0,24
36.0,7408.0,24
18.0,5954.0,24
33.0,7307.0,24
109.0,9608.0,24
61.0,8365.0,24
108.0,9602.0,24
0.0,3557.0,17
114.0,9671.0,17
0.0,3557.0,17
114.0,9671.0,17
1.0,3966.0,17
6.0,4949.0,17
5.0,4626.0,17
3.0,4375.0,17
2.0,4052.0,17
20.0,6379.0,17
9.0,5153.0,17
16.0,5973.0,17
92.0,9305.0,17
36.0,7456.0,17
87.0,9176.0,17
15.0,5907.0,17
46.0,7782.0,17
18.0,6296.0,17
32.0,7180.0,17
85.0,9076.0,17
10.0,5353.0,17
35.0,7381.0,17
106.0,9585.0,17
13.0,5749.0,17
10.0,5353.0,17
11.0,5541.0,17
78.0,8924.0,17
33.0,7276.0,17
108.0,9590.0,17
99.0,9411.0,17
88.0,9218.0,17
17.0,6121.0,17
101.0,9466.0,17
31.0,7113.0,17
29.0,6982.0,17
44.0,7741.0,17
8.0,5123.0,17
69.0,8702.0,17
94.0,9350.0,17
28.0,6952.0,17
34.0,7312.0,17
3.0,4375.0,17
4.0,4533.0,17
52.0,8050.0,17
60.0,8382.0,17
49.0,7930.0,17
53.0,8083.0,17
54.0,8148.0,17
65.0,8593.0,17
17.0,6121.0,17
64.0,8510.0,17
22.0,6591.0,17
61.0,8393.0,17
71.0,8725.0,17
59.0,8292.0,17
41.0,7637.0,17
57.0,8269.0,17
105.0,9503.0,17
56.0,8199.0,17
39.0,7615.0,17
47.0,7864.0,17
68.0,8669.0,17
42.0,7720.0,17
95.0,9361.0,17
104.0,9494.0,17
75.0,8799.0,17
80.0,8964.0,17
97.0,9380.0,17
102.0,9473.0,17
110.0,9608.0,17
81.0,9030.0,17
51.0,7981.0,17
38.0,7539.0,17
14.0,5780.0,17
76.0,8868.0,17
48.0,7871.0,17
21.0,6498.0,17
67.0,8614.0,17
90.0,9245.0,17
12.0,5643.0,17
50.0,7971.0,17
55.0,8179.0,17
74.0,8785.0,17
12.0,5643.0,17
11.0,5541.0,17
73.0,8749.0,17
25.0,6697.0,17
26.0,6791.0,17
79.0,8947.0,17
21.0,6498.0,17
7.0,5042.0,17
5.0,4626.0,17
4.0,4533.0,17
6.0,4949.0,17
63.0,8500.0,17
113.0,9659.0,17
2.0,4052.0,17
22.0,6591.0,17
1.0,3966.0,17
24.0,6677.0,17
30.0,7066.0,17
111.0,9618.0,17
27.0,6874.0,17
18.0,6296.0,17
26.0,6791.0,17
38.0,7539.0,17
62.0,8475.0,17
7.0,5042.0,17
90.0,9245.0,17
83.0,9055.0,17
82.0,9044.0,17
27.0,6874.0,17
72.0,8741.0,17
58.0,8290.0,17
40.0,7629.0,17
43.0,7724.0,17
66.0,8606.0,17
84.0,9071.0,17
24.0,6677.0,17
76.0,8868.0,17
113.0,9671.0,10
113.0,9671.0,10
0.0,3552.0,10
0.0,3552.0,10
1.0,3961.0,10
17.0,5859.0,10
5.0,4645.0,10
6.0,4966.0,10
2.0,4050.0,10
3.0,4370.0,10
48.0,8008.0,10
51.0,8069.0,10
106.0,9591.0,10
41.0,7696.0,10
88.0,9180.0,10
66.0,8538.0,10
39.0,7615.0,10
52.0,8131.0,10
86.0,9140.0,10
24.0,6617.0,10
20.0,6201.0,10
21.0,6402.0,10
54.0,8164.0,10
109.0,9618.0,10
26.0,6747.0,10
14.0,5625.0,10
77.0,8898.0,10
15.0,5684.0,10
25.0,6674.0,10
34.0,7366.0,10
33.0,7250.0,10
11.0,5447.0,10
37.0,7500.0,10
22.0,6433.0,10
4.0,4549.0,10
3.0,4370.0,10
70.0,8695.0,10
36.0,7473.0,10
38.0,7599.0,10
18.0,6028.0,10
78.0,8932.0,10
103.0,9539.0,10
57.0,8192.0,10
96.0,9396.0,10
105.0,9549.0,10
73.0,8748.0,10
74.0,8837.0,10
58.0,8277.0,10
46.0,7913.0,10
29.0,6971.0,10
12.0,5467.0,10
93.0,9307.0,10
67.0,8573.0,10
98.0,9420.0,10
80.0,8956.0,10
47.0,7926.0,10
89.0,9257.0,10
45.0,7823.0,10
91.0,9284.0,10
43.0,7806.0,10
62.0,8436.0,10
56.0,8169.0,10
61.0,8368.0,10
59.0,8295.0,10
83.0,9045.0,10
60.0,8356.0,10
82.0,8990.0,10
95.0,9368.0,10
31.0,7118.0,10
32.0,7239.0,10
68.0,8636.0,10
10.0,5340.0,10
9.0,5224.0,10
94.0,9329.0,10
30.0,7003.0,10
31.0,7118.0,10
102.0,9495.0,10
10.0,5340.0,10
16.0,5756.0,10
100.0,9464.0,10
20.0,6201.0,10
19.0,6100.0,10
99.0,9438.0,10
72.0,8731.0,10
7.0,5062.0,10
6.0,4966.0,10
5.0,4645.0,10
4.0,4549.0,10
35.0,7378.0,10
84.0,9065.0,10
23.0,6527.0,10
71.0,8706.0,10
27.0,6811.0,10
23.0,6527.0,10
28.0,6901.0,10
2.0,4050.0,10
1.0,3961.0,10
81.0,8973.0,10
112.0,9645.0,10
101.0,9485.0,10
63.0,8452.0,10
8.0,5145.0,10
7.0,5062.0,10
90.0,9273.0,10
13.0,5548.0,10
8.0,5145.0,10
9.0,5224.0,10
13.0,5548.0,10
110.0,9627.0,10
111.0,9639.0,10
19.0,6100.0,10
16.0,5756.0,10
64.0,8466.0,10
18.0,6028.0,10
44.0,7821.0,10
42.0,7736.0,10
28.0,6901.0,10
75.0,8852.0,10
64.0,8466.0,10
27.0,6811.0,10
115.0,9671.0,11
0.0,3552.0,11
0.0,3552.0,11
115.0,9671.0,11
1.0,3961.0,11
18.0,6298.0,11
3.0,4370.0,11
2.0,4052.0,11
6.0,4944.0,11
5.0,4626.0,11
11.0,5569.0,11
31.0,7084.0,11
9.0,5153.0,11
10.0,5392.0,11
12.0,5620.0,11
17.0,6071.0,11
65.0,8519.0,11
20.0,6319.0,11
68.0,8643.0,11
16.0,5975.0,11
44.0,7649.0,11
55.0,8171.0,11
103.0,9529.0,11
100.0,9493.0,11
40.0,7434.0,11
74.0,8849.0,11
43.0,7619.0,11
10.0,5392.0,11
52.0,7991.0,11
23.0,6544.0,11
36.0,7377.0,11
29.0,6974.0,11
60.0,8296.0,11
76.0,8886.0,11
8.0,5123.0,11
42.0,7513.0,11
90.0,9275.0,11
4.0,4528.0,11
3.0,4370.0,11
77.0,8975.0,11
63.0,8472.0,11
49.0,7875.0,11
28.0,6950.0,11
85.0,9168.0,11
48.0,7798.0,11
84.0,9091.0,11
113.0,9641.0,11
33.0,7207.0,11
35.0,7312.0,11
53.0,8068.0,11
112.0,9631.0,11
110.0,9619.0,11
109.0,9610.0,11
61.0,8369.0,11
66.0,8592.0,11
39.0,7415.0,11
50.0,7899.0,11
13.0,5745.0,11
107.0,9599.0,11
33.0,7207.0,11
69.0,8705.0,11
47.0,7777.0,11
56.0,8180.0,11
71.0,8724.0,11
57.0,8238.0,11
59.0,8253.0,11
15.0,5905.0,11
14.0,5799.0,11
88.0,9239.0,11
105.0,9574.0,11
72.0,8774.0,11
87.0,9201.0,11
53.0,8068.0,11
61.0,8369.0,11
63.0,8472.0,11
46.0,7731.0,11
98.0,9457.0,11
82.0,9060.0,11
104.0,9543.0,11
6.0,4944.0,11
4.0,4528.0,11
7.0,5042.0,11
5.0,4626.0,11
81.0,9026.0,11
17.0,6071.0,11
25.0,6697.0,11
26.0,6791.0,11
21.0,6413.0,11
30.0,7067.0,11
1.0,3961.0,11
2.0,4052.0,11
34.0,7298.0,11
75.0,8862.0,11
99.0,9482.0,11
89.0,9253.0,11
97.0,9436.0,11
86.0,9189.0,11
96.0,9421.0,11
83.0,9071.0,11
21.0,6413.0,11
22.0,6497.0,11
26.0,6791.0,11
27.0,6874.0,11
91.0,9358.0,11
78.0,8990.0,11
93.0,9383.0,11
46.0,7731.0,11
7.0,5042.0,11
25.0,6697.0,11
24.0,6617.0,11
79.0,9004.0,11
42.0,7513.0,11
106.0,9593.0,11
92.0,9369.0,11
95.0,9404.0,11
27.0,6874.0,11
80.0,9016.0,11
72.0,8774.0,11
94.0,9398.0,11
24.0,6617.0,11
113.0,9671.0,3
0.0,3552.0,3
113.0,9671.0,3
0.0,3552.0,3
1.0,3961.0,3
5.0,4626.0,3
2.0,4052.0,3
3.0,4370.0,3
6.0,4944.0,3
66.0,8601.0,3
25.0,6801.0,3
53.0,8039.0,3
61.0,8391.0,3
45.0,7720.0,3
24.0,6650.0,3
80.0,9038.0,3
11.0,5398.0,3
12.0,5622.0,3
14.0,5785.0,3
13.0,5739.0,3
43.0,7672.0,3
19.0,6394.0,3
51.0,7986.0,3
107.0,9598.0,3
22.0,6570.0,3
42.0,7619.0,3
109.0,9607.0,3
41.0,7525.0,3
74.0,8780.0,3
50.0,7941.0,3
29.0,7032.0,3
68.0,8664.0,3
63.0,8484.0,3
31.0,7059.0,3
9.0,5140.0,3
10.0,5318.0,3
79.0,8950.0,3
21.0,6473.0,3
54.0,8131.0,3
105.0,9566.0,3
28.0,6924.0,3
84.0,9086.0,3
4.0,4528.0,3
3.0,4370.0,3
48.0,7766.0,3
47.0,7748.0,3
91.0,9275.0,3
99.0,9431.0,3
88.0,9240.0,3
8.0,5123.0,3
111.0,9633.0,3
82.0,9066.0,3
62.0,8405.0,3
97.0,9410.0,3
55.0,8156.0,3
89.0,9252.0,3
77.0,8914.0,3
76.0,8826.0,3
18.0,6297.0,3
17.0,6155.0,3
56.0,8221.0,3
40.0,7478.0,3
33.0,7256.0,3
23.0,6622.0,3
20.0,6452.0,3
16.0,6023.0,3
17.0,6155.0,3
95.0,9346.0,3
32.0,7183.0,3
39.0,7443.0,3
59.0,8269.0,3
15.0,5905.0,3
96.0,9395.0,3
16.0,6023.0,3
15.0,5905.0,3
12.0,5622.0,3
102.0,9500.0,3
73.0,8741.0,3
34.0,7264.0,3
35.0,7312.0,3
64.0,8535.0,3
26.0,6851.0,3
104.0,9539.0,3
101.0,9458.0,3
4.0,4528.0,3
6.0,4944.0,3
7.0,5042.0,3
5.0,4626.0,3
18.0,6297.0,3
103.0,9518.0,3
94.0,9323.0,3
1.0,3961.0,3
2.0,4052.0,3
49.0,7850.0,3
78.0,8915.0,3
38.0,7410.0,3
36.0,7320.0,3
92.0,9296.0,3
38.0,7410.0,3
87.0,9154.0,3
70.0,8695.0,3
69.0,8680.0,3
58.0,8243.0,3
72.0,8721.0,3
49.0,7850.0,3
93.0,9309.0,3
30.0,7058.0,3
100.0,9454.0,3
7.0,5042.0,3
71.0,8711.0,3
59.0,8269.0,3
11.0,5398.0,3
10.0,5318.0,3
86.0,9129.0,3
57.0,8239.0,3
83.0,9077.0,3
28.0,6924.0,3
32.0,7183.0,3
26.0,6851.0,3
64.0,8535.0,3
115.0,9671.0,28
0.0,3552.0,28
115.0,9671.0,28
0.0,3552.0,28
1.0,3966.0,28
21.0,6514.0,28
3.0,4375.0,28
2.0,4052.0,28
19.0,6346.0,28
5.0,4648.0,28
6.0,4966.0,28
56.0,8152.0,28
69.0,8673.0,28
32.0,7043.0,28
53.0,8084.0,28
38.0,7344.0,28
9.0,5176.0,28
18.0,6299.0,28
23.0,6551.0,28
11.0,5526.0,28
10.0,5317.0,28
88.0,9180.0,28
43.0,7561.0,28
15.0,5951.0,28
33.0,7164.0,28
86.0,9138.0,28
44.0,7688.0,28
39.0,7358.0,28
25.0,6665.0,28
27.0,6838.0,28
71.0,8742.0,28
16.0,6000.0,28
17.0,6180.0,28
46.0,7773.0,28
52.0,8035.0,28
4.0,4549.0,28
3.0,4375.0,28
68.0,8566.0,28
75.0,8858.0,28
24.0,6625.0,28
76.0,8960.0,28
92.0,9359.0,28
28.0,6891.0,28
97.0,9423.0,28
51.0,7963.0,28
57.0,8216.0,28
91.0,9272.0,28
59.0,8295.0,28
50.0,7931.0,28
73.0,8785.0,28
101.0,9496.0,28
47.0,7823.0,28
10.0,5317.0,28
113.0,9648.0,28
84.0,9085.0,28
45.0,7701.0,28
58.0,8253.0,28
89.0,9238.0,28
111.0,9632.0,28
74.0,8845.0,28
65.0,8525.0,28
63.0,8399.0,28
40.0,7483.0,28
60.0,8350.0,28
49.0,7867.0,28
17.0,6180.0,28
12.0,5622.0,28
13.0,5739.0,28
13.0,5739.0,28
14.0,5855.0,28
81.0,9012.0,28
36.0,7234.0,28
85.0,9092.0,28
41.0,7523.0,28
35.0,7190.0,28
82.0,9059.0,28
30.0,6990.0,28
5.0,4648.0,28
4.0,4549.0,28
7.0,5064.0,28
6.0,4966.0,28
48.0,7865.0,28
106.0,9567.0,28
36.0,7234.0,28
72.0,8749.0,28
11.0,5526.0,28
14.0,5855.0,28
12.0,5622.0,28
105.0,9549.0,28
26.0,6760.0,28
42.0,7536.0,28
99.0,9461.0,28
99.0,9461.0,28
90.0,9258.0,28
62.0,8379.0,28
2.0,4052.0,28
104.0,9525.0,28
67.0,8553.0,28
109.0,9615.0,28
61.0,8366.0,28
66.0,8536.0,28
7.0,5064.0,28
8.0,5145.0,28
107.0,9593.0,28
78.0,8976.0,28
34.0,7186.0,28
93.0,9379.0,28
79.0,8994.0,28
95.0,9399.0,28
26.0,6760.0,28
96.0,9410.0,28
103.0,9518.0,28
114.0,9666.0,28
108.0,9594.0,28
94.0,9385.0,28
63.0,8399.0,28
80.0,9001.0,28
110.0,9624.0,28
77.0,8967.0,28
65.0,8525.0,28
0.0,3552.0,9
113.0,9671.0,9
0.0,3552.0,9
113.0,9671.0,9
1.0,3961.0,9
81.0,9053.0,9
65.0,8536.0,9
49.0,8028.0,9
6.0,4966.0,9
5.0,4647.0,9
2.0,4052.0,9
3.0,4370.0,9
67.0,8613.0,9
78.0,8995.0,9
33.0,7250.0,9
75.0,8947.0,9
39.0,7585.0,9
63.0,8433.0,9
61.0,8345.0,9
46.0,7880.0,9
59.0,8319.0,9
100.0,9488.0,9
68.0,8704.0,9
103.0,9512.0,9
32.0,7191.0,9
83.0,9142.0,9
27.0,6874.0,9
29.0,6970.0,9
30.0,7067.0,9
36.0,7414.0,9
44.0,7815.0,9
3.0,4370.0,9
4.0,4549.0,9
9.0,5224.0,9
37.0,7535.0,9
71.0,8823.0,9
12.0,5375.0,9
11.0,5359.0,9
70.0,8718.0,9
86.0,9158.0,9
107.0,9594.0,9
74.0,8867.0,9
54.0,8150.0,9
28.0,6929.0,9
17.0,5880.0,9
18.0,6030.0,9
111.0,9629.0,9
96.0,9388.0,9
58.0,8239.0,9
62.0,8427.0,9
43.0,7808.0,9
21.0,6309.0,9
22.0,6448.0,9
94.0,9383.0,9
41.0,7704.0,9
91.0,9334.0,9
90.0,9261.0,9
17.0,5880.0,9
16.0,5749.0,9
57.0,8230.0,9
56.0,8165.0,9
34.0,7366.0,9
97.0,9423.0,9
21.0,6309.0,9
20.0,6196.0,9
89.0,9257.0,9
47.0,7922.0,9
16.0,5749.0,9
15.0,5644.0,9
88.0,9207.0,9
35.0,7399.0,9
106.0,9565.0,9
5.0,4647.0,9
4.0,4549.0,9
7.0,5064.0,9
6.0,4966.0,9
19.0,6098.0,9
20.0,6196.0,9
13.0,5472.0,9
112.0,9649.0,9
47.0,7922.0,9
26.0,6791.0,9
25.0,6697.0,9
99.0,9461.0,9
93.0,9358.0,9
98.0,9449.0,9
10.0,5267.0,9
2.0,4052.0,9
1.0,3961.0,9
15.0,5644.0,9
23.0,6527.0,9
14.0,5554.0,9
24.0,6617.0,9
104.0,9534.0,9
73.0,8850.0,9
105.0,9547.0,9
31.0,7106.0,9
52.0,8115.0,9
51.0,8086.0,9
26.0,6791.0,9
13.0,5472.0,9
14.0,5554.0,9
72.0,8835.0,9
7.0,5064.0,9
8.0,5145.0,9
25.0,6697.0,9
24.0,6617.0,9
22.0,6448.0,9
8.0,5145.0,9
23.0,6527.0,9
92.0,9345.0,9
42.0,7730.0,9
109.0,9608.0,9
83.0,9142.0,9
86.0,9158.0,9
55.0,8157.0,9
109.0,9608.0,9
19.0,6098.0,9
18.0,6030.0,9
77.0,8983.0,9
115.0,9671.0,6
115.0,9671.0,6
0.0,3557.0,6
0.0,3557.0,6
1.0,3966.0,6
5.0,4624.0,6
6.0,4970.0,6
3.0,4375.0,6
2.0,4050.0,6
65.0,8426.0,6
16.0,5972.0,6
10.0,5244.0,6
11.0,5494.0,6
22.0,6657.0,6
98.0,9474.0,6
96.0,9417.0,6
53.0,8003.0,6
18.0,6269.0,6
63.0,8324.0,6
40.0,7545.0,6
59.0,8264.0,6
94.0,9395.0,6
21.0,6463.0,6
32.0,7231.0,6
49.0,7838.0,6
34.0,7363.0,6
9.0,5151.0,6
4.0,4554.0,6
3.0,4375.0,6
84.0,9075.0,6
28.0,6947.0,6
8.0,5117.0,6
29.0,6957.0,6
61.0,8293.0,6
87.0,9169.0,6
50.0,7901.0,6
73.0,8675.0,6
81.0,9036.0,6
80.0,8949.0,6
74.0,8754.0,6
91.0,9357.0,6
24.0,6734.0,6
76.0,8793.0,6
17.0,6116.0,6
90.0,9274.0,6
19.0,6279.0,6
77.0,8876.0,6
47.0,7744.0,6
48.0,7766.0,6
70.0,8600.0,6
42.0,7617.0,6
43.0,7701.0,6
82.0,9052.0,6
92.0,9374.0,6
17.0,6116.0,6
58.0,8188.0,6
88.0,9247.0,6
100.0,9498.0,6
37.0,7464.0,6
66.0,8491.0,6
26.0,6768.0,6
106.0,9594.0,6
55.0,8072.0,6
101.0,9509.0,6
23.0,6659.0,6
41.0,7607.0,6
15.0,5910.0,6
14.0,5785.0,6
85.0,9122.0,6
36.0,7411.0,6
108.0,9598.0,6
11.0,5494.0,6
12.0,5608.0,6
52.0,7956.0,6
79.0,8934.0,6
78.0,8891.0,6
51.0,7943.0,6
31.0,7126.0,6
27.0,6843.0,6
13.0,5712.0,6
12.0,5608.0,6
71.0,8635.0,6
105.0,9570.0,6
35.0,7397.0,6
104.0,9544.0,6
33.0,7266.0,6
30.0,7054.0,6
20.0,6368.0,6
21.0,6463.0,6
72.0,8650.0,6
67.0,8511.0,6
10.0,5244.0,6
75.0,8776.0,6
57.0,8174.0,6
20.0,6368.0,6
38.0,7498.0,6
25.0,6759.0,6
62.0,8317.0,6
1.0,3966.0,6
2.0,4050.0,6
89.0,9258.0,6
110.0,9618.0,6
56.0,8151.0,6
113.0,9648.0,6
44.0,7710.0,6
114.0,9663.0,6
7.0,5041.0,6
27.0,6843.0,6
103.0,9523.0,6
111.0,9628.0,6
112.0,9638.0,6
109.0,9602.0,6
14.0,5785.0,6
13.0,5712.0,6
31.0,7126.0,6
30.0,7054.0,6
6.0,4970.0,6
7.0,5041.0,6
5.0,4624.0,6
4.0,4554.0,6
114.0,9671.0,21
114.0,9671.0,21
0.0,3552.0,21
0.0,3552.0,21
1.0,3961.0,21
5.0,4645.0,21
6.0,4966.0,21
2.0,4050.0,21
3.0,4370.0,21
108.0,9597.0,21
29.0,7032.0,21
52.0,8132.0,21
100.0,9488.0,21
55.0,8165.0,21
61.0,8414.0,21
105.0,9545.0,21
32.0,7224.0,21
71.0,8777.0,21
82.0,9066.0,21
20.0,6196.0,21
21.0,6412.0,21
49.0,8020.0,21
28.0,6924.0,21
66.0,8649.0,21
36.0,7406.0,21
96.0,9406.0,21
23.0,6544.0,21
27.0,6874.0,21
22.0,6470.0,21
68.0,8663.0,21
80.0,9012.0,21
31.0,7097.0,21
3.0,4370.0,21
4.0,4549.0,21
34.0,7362.0,21
46.0,7825.0,21
10.0,5392.0,21
11.0,5569.0,21
98.0,9438.0,21
47.0,7860.0,21
10.0,5392.0,21
9.0,5224.0,21
84.0,9071.0,21
65.0,8560.0,21
18.0,6024.0,21
39.0,7599.0,21
87.0,9165.0,21
38.0,7497.0,21
74.0,8938.0,21
15.0,5922.0,21
45.0,7736.0,21
43.0,7712.0,21
17.0,5994.0,21
73.0,8848.0,21
91.0,9325.0,21
75.0,8950.0,21
57.0,8294.0,21
88.0,9241.0,21
110.0,9616.0,21
77.0,8975.0,21
42.0,7626.0,21
51.0,8048.0,21
16.0,5927.0,21
90.0,9269.0,21
72.0,8841.0,21
85.0,9121.0,21
93.0,9377.0,21
63.0,8530.0,21
69.0,8724.0,21
92.0,9365.0,21
14.0,5825.0,21
13.0,5720.0,21
60.0,8405.0,21
24.0,6617.0,21
25.0,6715.0,21
86.0,9137.0,21
35.0,7394.0,21
14.0,5825.0,21
6.0,4966.0,21
5.0,4645.0,21
7.0,5062.0,21
4.0,4549.0,21
19.0,6101.0,21
20.0,6196.0,21
33.0,7269.0,21
59.0,8367.0,21
38.0,7497.0,21
56.0,8204.0,21
2.0,4050.0,21
1.0,3961.0,21
97.0,9423.0,21
64.0,8541.0,21
8.0,5145.0,21
7.0,5062.0,21
26.0,6791.0,21
111.0,9632.0,21
48.0,7942.0,21
79.0,8992.0,21
89.0,9254.0,21
113.0,9651.0,21
40.0,7604.0,21
8.0,5145.0,21
9.0,5224.0,21
48.0,7942.0,21
44.0,7725.0,21
19.0,6101.0,21
102.0,9511.0,21
25.0,6715.0,21
13.0,5720.0,21
12.0,5644.0,21
26.0,6791.0,21
41.0,7625.0,21
11.0,5569.0,21
12.0,5644.0,21
102.0,9511.0,21
57.0,8294.0,21
59.0,8367.0,21
24.0,6617.0,21
112.0,9645.0,21
78.0,8984.0,21
0.0,3552.0,5
114.0,9671.0,5
114.0,9671.0,5
0.0,3552.0,5
1.0,3960.0,5
2.0,4014.0,5
3.0,4369.0,5
6.0,4965.0,5
5.0,4625.0,5
21.0,6561.0,5
38.0,7568.0,5
34.0,7318.0,5
20.0,6366.0,5
9.0,5165.0,5
12.0,5423.0,5
10.0,5340.0,5
85.0,9127.0,5
36.0,7371.0,5
57.0,8204.0,5
60.0,8309.0,5
55.0,8159.0,5
95.0,9382.0,5
40.0,7625.0,5
58.0,8274.0,5
32.0,7093.0,5
17.0,6180.0,5
16.0,5976.0,5
93.0,9361.0,5
15.0,5906.0,5
14.0,5711.0,5
76.0,8892.0,5
3.0,4369.0,5
4.0,4549.0,5
13.0,5601.0,5
18.0,6299.0,5
52.0,8033.0,5
61.0,8387.0,5
51.0,7953.0,5
65.0,8557.0,5
49.0,7899.0,5
84.0,9054.0,5
74.0,8793.0,5
97.0,9415.0,5
75.0,8835.0,5
68.0,8632.0,5
64.0,8466.0,5
28.0,6988.0,5
78.0,8917.0,5
54.0,8093.0,5
88.0,9246.0,5
83.0,9023.0,5
92.0,9286.0,5
41.0,7674.0,5
43.0,7724.0,5
80.0,8956.0,5
37.0,7437.0,5
27.0,6931.0,5
62.0,8424.0,5
73.0,8732.0,5
87.0,9175.0,5
33.0,7217.0,5
45.0,7735.0,5
29.0,7025.0,5
69.0,8679.0,5
17.0,6180.0,5
53.0,8070.0,5
67.0,8583.0,5
13.0,5601.0,5
14.0,5711.0,5
50.0,7925.0,5
26.0,6912.0,5
8.0,5145.0,5
7.0,5041.0,5
42.0,7707.0,5
101.0,9473.0,5
33.0,7217.0,5
23.0,6699.0,5
24.0,6800.0,5
102.0,9492.0,5
103.0,9520.0,5
46.0,7740.0,5
107.0,9592.0,5
63.0,8461.0,5
106.0,9571.0,5
79.0,8931.0,5
31.0,7059.0,5
100.0,9444.0,5
105.0,9550.0,5
30.0,7055.0,5
89.0,9261.0,5
70.0,8698.0,5
104.0,9536.0,5
12.0,5423.0,5
10.0,5340.0,5
113.0,9658.0,5
108.0,9613.0,5
66.0,8573.0,5
48.0,7821.0,5
24.0,6800.0,5
25.0,6877.0,5
72.0,8720.0,5
112.0,9642.0,5
5.0,4625.0,5
6.0,4965.0,5
7.0,5041.0,5
4.0,4549.0,5
71.0,8709.0,5
98.0,9428.0,5
23.0,6699.0,5
22.0,6625.0,5
90.0,9277.0,5
111.0,9635.0,5
15.0,5906.0,5
16.0,5976.0,5
99.0,9436.0,5
110.0,9624.0,5
80.0,8956.0,5
83.0,9023.0,5
20.0,6366.0,5
18.0,6299.0,5
115.0,9671.0,22
0.0,3552.0,22
0.0,3552.0,22
115.0,9671.0,22
1.0,3961.0,22
2.0,4052.0,22
5.0,4648.0,22
6.0,4966.0,22
3.0,4370.0,22
27.0,7002.0,22
26.0,6830.0,22
66.0,8443.0,22
84.0,9160.0,22
33.0,7215.0,22
15.0,5880.0,22
80.0,9003.0,22
35.0,7383.0,22
47.0,7789.0,22
56.0,8147.0,22
55.0,8078.0,22
11.0,5561.0,22
10.0,5347.0,22
53.0,8039.0,22
94.0,9385.0,22
58.0,8188.0,22
18.0,6297.0,22
87.0,9163.0,22
51.0,7919.0,22
82.0,9062.0,22
41.0,7648.0,22
14.0,5846.0,22
64.0,8383.0,22
22.0,6656.0,22
21.0,6476.0,22
4.0,4549.0,22
3.0,4370.0,22
52.0,7972.0,22
98.0,9440.0,22
10.0,5347.0,22
9.0,5176.0,22
8.0,5145.0,22
70.0,8569.0,22
77.0,8841.0,22
78.0,8932.0,22
92.0,9359.0,22
50.0,7832.0,22
100.0,9485.0,22
83.0,9085.0,22
34.0,7366.0,22
71.0,8662.0,22
25.0,6810.0,22
49.0,7818.0,22
45.0,7755.0,22
91.0,9335.0,22
73.0,8749.0,22
67.0,8521.0,22
31.0,7125.0,22
32.0,7185.0,22
17.0,6155.0,22
16.0,6022.0,22
96.0,9411.0,22
72.0,8666.0,22
88.0,9195.0,22
90.0,9264.0,22
16.0,6022.0,22
17.0,6155.0,22
23.0,6668.0,22
63.0,8363.0,22
59.0,8251.0,22
79.0,8945.0,22
44.0,7747.0,22
89.0,9250.0,22
62.0,8308.0,22
74.0,8761.0,22
75.0,8814.0,22
43.0,7685.0,22
38.0,7545.0,22
37.0,7483.0,22
12.0,5633.0,22
13.0,5746.0,22
21.0,6476.0,22
20.0,6369.0,22
61.0,8297.0,22
106.0,9560.0,22
13.0,5746.0,22
37.0,7483.0,22
60.0,8260.0,22
5.0,4648.0,22
4.0,4549.0,22
6.0,4966.0,22
7.0,5064.0,22
40.0,7604.0,22
2.0,4052.0,22
1.0,3961.0,22
107.0,9591.0,22
30.0,7092.0,22
69.0,8551.0,22
102.0,9502.0,22
105.0,9544.0,22
68.0,8537.0,22
97.0,9420.0,22
113.0,9648.0,22
7.0,5064.0,22
76.0,8826.0,22
28.0,7029.0,22
103.0,9519.0,22
104.0,9528.0,22
111.0,9625.0,22
24.0,6733.0,22
112.0,9634.0,22
114.0,9662.0,22
110.0,9610.0,22
11.0,5561.0,22
12.0,5633.0,22
101.0,9487.0,22
109.0,9603.0,22
108.0,9594.0,22
24.0,6733.0,22
30.0,7092.0,22
28.0,7029.0,22
114.0,9671.0,26
0.0,3552.0,26
114.0,9671.0,26
0.0,3552.0,26
1.0,3961.0,26
22.0,6575.0,26
12.0,5562.0,26
2.0,4052.0,26
6.0,4966.0,26
5.0,4648.0,26
3.0,4370.0,26
59.0,8198.0,26
20.0,6453.0,26
11.0,5359.0,26
82.0,9000.0,26
60.0,8288.0,26
56.0,8149.0,26
33.0,7095.0,26
24.0,6617.0,26
62.0,8428.0,26
46.0,7746.0,26
13.0,5624.0,26
64.0,8488.0,26
15.0,5906.0,26
14.0,5712.0,26
61.0,8379.0,26
39.0,7481.0,26
10.0,5340.0,26
27.0,6874.0,26
28.0,6924.0,26
84.0,9063.0,26
3.0,4370.0,26
4.0,4549.0,26
29.0,7006.0,26
78.0,8911.0,26
34.0,7262.0,26
66.0,8559.0,26
72.0,8740.0,26
55.0,8126.0,26
80.0,8984.0,26
16.0,6019.0,26
17.0,6180.0,26
67.0,8637.0,26
73.0,8843.0,26
54.0,8038.0,26
88.0,9239.0,26
35.0,7295.0,26
112.0,9643.0,26
87.0,9157.0,26
51.0,7943.0,26
38.0,7407.0,26
75.0,8873.0,26
76.0,8883.0,26
49.0,7870.0,26
52.0,7977.0,26
86.0,9143.0,26
107.0,9603.0,26
85.0,9074.0,26
43.0,7617.0,26
48.0,7796.0,26
95.0,9379.0,26
79.0,8946.0,26
109.0,9612.0,26
65.0,8524.0,26
94.0,9322.0,26
18.0,6298.0,26
17.0,6180.0,26
9.0,5224.0,26
53.0,8028.0,26
105.0,9556.0,26
16.0,6019.0,26
15.0,5906.0,26
69.0,8674.0,26
70.0,8723.0,26
45.0,7692.0,26
30.0,7049.0,26
37.0,7387.0,26
106.0,9585.0,26
5.0,4648.0,26
4.0,4549.0,26
7.0,5064.0,26
6.0,4966.0,26
101.0,9490.0,26
99.0,9433.0,26
25.0,6697.0,26
26.0,6791.0,26
104.0,9524.0,26
41.0,7585.0,26
2.0,4052.0,26
19.0,6389.0,26
18.0,6298.0,26
1.0,3961.0,26
68.0,8666.0,26
32.0,7085.0,26
31.0,7059.0,26
14.0,5712.0,26
89.0,9255.0,26
98.0,9409.0,26
90.0,9272.0,26
43.0,7617.0,26
26.0,6791.0,26
102.0,9497.0,26
8.0,5145.0,26
7.0,5064.0,26
91.0,9287.0,26
103.0,9518.0,26
25.0,6697.0,26
9.0,5224.0,26
8.0,5145.0,26
92.0,9299.0,26
93.0,9310.0,26
45.0,7692.0,26
96.0,9395.0,26
111.0,9628.0,26
71.0,8731.0,26
110.0,9622.0,26
97.0,9400.0,26
40.0,7547.0,26
36.0,7359.0,26
19.0,6389.0,26
0.0,3557.0,12
0.0,3557.0,12
115.0,9671.0,12
115.0,9671.0,12
1.0,3966.0,12
30.0,7021.0,12
3.0,4375.0,12
2.0,4052.0,12
6.0,4970.0,12
5.0,4648.0,12
28.0,6926.0,12
17.0,5967.0,12
16.0,5771.0,12
21.0,6411.0,12
9.0,5176.0,12
31.0,7201.0,12
12.0,5563.0,12
66.0,8633.0,12
38.0,7495.0,12
20.0,6194.0,12
51.0,8010.0,12
88.0,9240.0,12
45.0,7896.0,12
33.0,7343.0,12
113.0,9637.0,12
27.0,6810.0,12
110.0,9616.0,12
58.0,8290.0,12
76.0,8874.0,12
91.0,9360.0,12
3.0,4375.0,12
4.0,4554.0,12
97.0,9457.0,12
55.0,8139.0,12
90.0,9312.0,12
10.0,5346.0,12
26.0,6788.0,12
77.0,8979.0,12
8.0,5145.0,12
23.0,6506.0,12
63.0,8502.0,12
42.0,7786.0,12
57.0,8207.0,12
53.0,8041.0,12
69.0,8682.0,12
54.0,8062.0,12
70.0,8765.0,12
41.0,7704.0,12
65.0,8541.0,12
99.0,9487.0,12
14.0,5704.0,12
80.0,9005.0,12
31.0,7201.0,12
93.0,9385.0,12
62.0,8427.0,12
75.0,8849.0,12
61.0,8414.0,12
33.0,7343.0,12
81.0,9023.0,12
40.0,7690.0,12
73.0,8840.0,12
50.0,7937.0,12
78.0,8987.0,12
48.0,7914.0,12
60.0,8340.0,12
39.0,7623.0,12
89.0,9242.0,12
46.0,7904.0,12
109.0,9610.0,12
107.0,9599.0,12
85.0,9079.0,12
56.0,8184.0,12
86.0,9147.0,12
15.0,5717.0,12
72.0,8822.0,12
11.0,5451.0,12
24.0,6617.0,12
71.0,8780.0,12
105.0,9569.0,12
11.0,5451.0,12
10.0,5346.0,12
96.0,9417.0,12
83.0,9034.0,12
37.0,7459.0,12
23.0,6506.0,12
21.0,6411.0,12
6.0,4970.0,12
4.0,4554.0,12
7.0,5064.0,12
5.0,4648.0,12
104.0,9539.0,12
25.0,6695.0,12
86.0,9147.0,12
64.0,8538.0,12
20.0,6194.0,12
19.0,6105.0,12
114.0,9650.0,12
1.0,3966.0,12
2.0,4052.0,12
36.0,7451.0,12
43.0,7811.0,12
35.0,7427.0,12
106.0,9594.0,12
7.0,5064.0,12
13.0,5625.0,12
102.0,9516.0,12
43.0,7811.0,12
24.0,6617.0,12
25.0,6695.0,12
35.0,7427.0,12
49.0,7930.0,12
103.0,9529.0,12
95.0,9407.0,12
94.0,9395.0,12
68.0,8660.0,12
19.0,6105.0,12
18.0,6030.0,12
101.0,9504.0,12
100.0,9497.0,12
39.0,7623.0,12
114.0,9671.0,23
114.0,9671.0,23
0.0,3557.0,23
0.0,3557.0,23
6.0,4970.0,23
1.0,3966.0,23
23.0,6528.0,23
10.0,5346.0,23
5.0,4645.0,23
2.0,4050.0,23
3.0,4375.0,23
75.0,8816.0,23
22.0,6335.0,23
49.0,7872.0,23
71.0,8773.0,23
34.0,7327.0,23
29.0,6946.0,23
25.0,6609.0,23
33.0,7226.0,23
28.0,6860.0,23
85.0,9156.0,23
12.0,5562.0,23
80.0,9025.0,23
112.0,9630.0,23
69.0,8665.0,23
38.0,7532.0,23
36.0,7389.0,23
44.0,7706.0,23
62.0,8408.0,23
15.0,5726.0,23
19.0,6027.0,23
20.0,6221.0,23
59.0,8283.0,23
51.0,7937.0,23
9.0,5165.0,23
63.0,8501.0,23
3.0,4375.0,23
4.0,4554.0,23
48.0,7764.0,23
31.0,7018.0,23
79.0,8922.0,23
58.0,8204.0,23
7.0,5062.0,23
84.0,9098.0,23
55.0,8066.0,23
70.0,8756.0,23
53.0,8032.0,23
56.0,8159.0,23
8.0,5080.0,23
14.0,5709.0,23
18.0,5941.0,23
46.0,7730.0,23
91.0,9348.0,23
52.0,7946.0,23
94.0,9383.0,23
66.0,8620.0,23
88.0,9231.0,23
43.0,7634.0,23
17.0,5925.0,23
92.0,9358.0,23
90.0,9261.0,23
65.0,8553.0,23
110.0,9613.0,23
82.0,9042.0,23
16.0,5852.0,23
60.0,8343.0,23
32.0,7137.0,23
61.0,8354.0,23
39.0,7585.0,23
11.0,5448.0,23
76.0,8856.0,23
83.0,9047.0,23
37.0,7424.0,23
77.0,8872.0,23
64.0,8535.0,23
98.0,9460.0,23
97.0,9430.0,23
78.0,8909.0,23
105.0,9561.0,23
11.0,5448.0,23
104.0,9525.0,23
57.0,8170.0,23
27.0,6769.0,23
4.0,4554.0,23
5.0,4645.0,23
32.0,7137.0,23
54.0,8051.0,23
47.0,7750.0,23
106.0,9574.0,23
19.0,6027.0,23
13.0,5623.0,23
99.0,9481.0,23
27.0,6769.0,23
9.0,5165.0,23
26.0,6684.0,23
96.0,9409.0,23
2.0,4050.0,23
1.0,3966.0,23
42.0,7616.0,23
67.0,8647.0,23
95.0,9399.0,23
100.0,9492.0,23
107.0,9595.0,23
20.0,6221.0,23
21.0,6298.0,23
26.0,6684.0,23
41.0,7605.0,23
40.0,7595.0,23
16.0,5852.0,23
31.0,7018.0,23
101.0,9505.0,23
109.0,9608.0,23
103.0,9515.0,23
108.0,9598.0,23
87.0,9221.0,23
87.0,9221.0,23
102.0,9510.0,23
13.0,5623.0,23
21.0,6298.0,23
37.0,7424.0,23
0.0,3557.0,14
114.0,9671.0,14
0.0,3557.0,14
114.0,9671.0,14
1.0,3966.0,14
6.0,4949.0,14
5.0,4596.0,14
2.0,4014.0,14
3.0,4375.0,14
10.0,5255.0,14
4.0,4533.0,14
16.0,5987.0,14
38.0,7598.0,14
20.0,6371.0,14
26.0,6945.0,14
11.0,5472.0,14
40.0,7635.0,14
15.0,5924.0,14
63.0,8422.0,14
44.0,7795.0,14
25.0,6917.0,14
50.0,7944.0,14
69.0,8552.0,14
19.0,6309.0,14
9.0,5202.0,14
21.0,6476.0,14
22.0,6660.0,14
70.0,8607.0,14
30.0,7067.0,14
78.0,8929.0,14
47.0,7935.0,14
58.0,8308.0,14
51.0,8027.0,14
88.0,9232.0,14
31.0,7097.0,14
86.0,9193.0,14
3.0,4375.0,14
12.0,5564.0,14
13.0,5722.0,14
91.0,9336.0,14
61.0,8399.0,14
98.0,9447.0,14
76.0,8892.0,14
73.0,8771.0,14
83.0,9077.0,14
72.0,8698.0,14
75.0,8811.0,14
108.0,9602.0,14
65.0,8442.0,14
71.0,8674.0,14
81.0,9049.0,14
41.0,7703.0,14
68.0,8472.0,14
90.0,9265.0,14
28.0,7029.0,14
17.0,6101.0,14
18.0,6238.0,14
36.0,7441.0,14
57.0,8230.0,14
35.0,7433.0,14
80.0,8974.0,14
59.0,8340.0,14
52.0,8054.0,14
54.0,8173.0,14
33.0,7293.0,14
32.0,7175.0,14
48.0,7942.0,14
17.0,6101.0,14
24.0,6804.0,14
60.0,8376.0,14
106.0,9550.0,14
7.0,5013.0,14
8.0,5123.0,14
13.0,5722.0,14
14.0,5831.0,14
55.0,8179.0,14
107.0,9585.0,14
21.0,6476.0,14
56.0,8228.0,14
46.0,7832.0,14
101.0,9501.0,14
92.0,9366.0,14
100.0,9463.0,14
74.0,8796.0,14
14.0,5831.0,14
11.0,5472.0,14
12.0,5564.0,14
28.0,7029.0,14
77.0,8910.0,14
45.0,7814.0,14
89.0,9249.0,14
84.0,9163.0,14
37.0,7514.0,14
85.0,9179.0,14
82.0,9065.0,14
52.0,8054.0,14
105.0,9527.0,14
8.0,5123.0,14
110.0,9627.0,14
22.0,6660.0,14
23.0,6738.0,14
32.0,7175.0,14
112.0,9651.0,14
110.0,9627.0,14
66.0,8460.0,14
95.0,9401.0,14
94.0,9393.0,14
42.0,7724.0,14
112.0,9651.0,14
34.0,7366.0,14
37.0,7514.0,14
33.0,7293.0,14
42.0,7724.0,14
18.0,6238.0,14
99.0,9461.0,14
103.0,9514.0,14
96.0,9415.0,14
34.0,7366.0,14
102.0,9508.0,14
23.0,6738.0,14
0.0,3557.0,25
118.0,9671.0,25
0.0,3557.0,25
118.0,9671.0,25
2.0,4014.0,25
1.0,3966.0,25
6.0,4970.0,25
5.0,4605.0,25
3.0,4375.0,25
4.0,4554.0,25
17.0,5862.0,25
66.0,8581.0,25
21.0,6412.0,25
61.0,8448.0,25
33.0,7298.0,25
14.0,5569.0,25
32.0,7237.0,25
13.0,5517.0,25
78.0,8964.0,25
16.0,5803.0,25
69.0,8750.0,25
35.0,7371.0,25
20.0,6198.0,25
42.0,7744.0,25
87.0,9202.0,25
52.0,8051.0,25
27.0,6872.0,25
10.0,5263.0,25
11.0,5355.0,25
80.0,9026.0,25
3.0,4375.0,25
94.0,9337.0,25
56.0,8230.0,25
36.0,7409.0,25
41.0,7656.0,25
9.0,5222.0,25
63.0,8516.0,25
38.0,7596.0,25
18.0,6030.0,25
68.0,8647.0,25
29.0,6952.0,25
89.0,9221.0,25
82.0,9084.0,25
96.0,9379.0,25
107.0,9550.0,25
77.0,8911.0,25
91.0,9287.0,25
93.0,9306.0,25
45.0,7850.0,25
85.0,9179.0,25
53.0,8120.0,25
60.0,8376.0,25
59.0,8358.0,25
55.0,8154.0,25
71.0,8761.0,25
23.0,6524.0,25
46.0,7929.0,25
43.0,7818.0,25
50.0,8031.0,25
116.0,9669.0,25
48.0,7951.0,25
58.0,8286.0,25
28.0,6924.0,25
49.0,8017.0,25
83.0,9146.0,25
15.0,5696.0,25
12.0,5395.0,25
111.0,9605.0,25
98.0,9410.0,25
76.0,8861.0,25
67.0,8635.0,25
90.0,9256.0,25
63.0,8516.0,25
31.0,7123.0,25
23.0,6524.0,25
21.0,6412.0,25
81.0,9042.0,25
57.0,8277.0,25
15.0,5696.0,25
37.0,7494.0,25
99.0,9457.0,25
74.0,8817.0,25
40.0,7624.0,25
115.0,9641.0,25
75.0,8843.0,25
109.0,9592.0,25
19.0,6105.0,25
25.0,6696.0,25
20.0,6198.0,25
26.0,6789.0,25
6.0,4970.0,25
7.0,5062.0,25
31.0,7123.0,25
30.0,7032.0,25
24.0,6611.0,25
102.0,9482.0,25
72.0,8786.0,25
103.0,9502.0,25
54.0,8141.0,25
37.0,7494.0,25
25.0,6696.0,25
24.0,6611.0,25
84.0,9163.0,25
44.0,7830.0,25
26.0,6789.0,25
73.0,8796.0,25
97.0,9389.0,25
8.0,5143.0,25
7.0,5062.0,25
30.0,7032.0,25
39.0,7612.0,25
8.0,5143.0,25
104.0,9517.0,25
19.0,6105.0,25
18.0,6030.0,25
105.0,9527.0,25
106.0,9540.0,25
47.0,7936.0,25
101.0,9467.0,25
114.0,9625.0,25
0.0,3557.0,16
0.0,3557.0,16
114.0,9671.0,16
114.0,9671.0,16
1.0,3966.0,16
19.0,6099.0,16
3.0,4375.0,16
6.0,4970.0,16
5.0,4645.0,16
2.0,4050.0,16
59.0,8233.0,16
84.0,9088.0,16
38.0,7430.0,16
10.0,5324.0,16
11.0,5572.0,16
33.0,7301.0,16
64.0,8458.0,16
9.0,5165.0,16
39.0,7553.0,16
32.0,7239.0,16
89.0,9247.0,16
87.0,9151.0,16
15.0,5915.0,16
47.0,7865.0,16
21.0,6262.0,16
72.0,8735.0,16
70.0,8694.0,16
49.0,7885.0,16
57.0,8218.0,16
96.0,9398.0,16
3.0,4375.0,16
4.0,4554.0,16
50.0,7950.0,16
92.0,9294.0,16
86.0,9140.0,16
53.0,8025.0,16
21.0,6262.0,16
82.0,9048.0,16
36.0,7410.0,16
10.0,5324.0,16
65.0,8538.0,16
8.0,5145.0,16
73.0,8789.0,16
56.0,8148.0,16
22.0,6412.0,16
97.0,9419.0,16
99.0,9440.0,16
46.0,7785.0,16
54.0,8083.0,16
80.0,8960.0,16
44.0,7758.0,16
29.0,6954.0,16
18.0,6043.0,16
81.0,9035.0,16
28.0,6950.0,16
61.0,8361.0,16
69.0,8648.0,16
17.0,6010.0,16
42.0,7624.0,16
107.0,9573.0,16
66.0,8562.0,16
22.0,6412.0,16
23.0,6527.0,16
40.0,7601.0,16
67.0,8602.0,16
74.0,8835.0,16
94.0,9340.0,16
79.0,8943.0,16
31.0,7137.0,16
100.0,9461.0,16
14.0,5818.0,16
13.0,5717.0,16
78.0,8910.0,16
94.0,9340.0,16
14.0,5818.0,16
61.0,8361.0,16
62.0,8404.0,16
31.0,7137.0,16
30.0,7041.0,16
75.0,8848.0,16
106.0,9533.0,16
25.0,6697.0,16
26.0,6791.0,16
7.0,5062.0,16
6.0,4970.0,16
5.0,4645.0,16
4.0,4554.0,16
24.0,6617.0,16
23.0,6527.0,16
108.0,9597.0,16
101.0,9488.0,16
30.0,7041.0,16
77.0,8896.0,16
35.0,7378.0,16
1.0,3966.0,16
2.0,4050.0,16
104.0,9516.0,16
112.0,9642.0,16
26.0,6791.0,16
27.0,6874.0,16
7.0,5062.0,16
90.0,9261.0,16
113.0,9663.0,16
24.0,6617.0,16
25.0,6697.0,16
43.0,7679.0,16
110.0,9618.0,16
111.0,9633.0,16
35.0,7378.0,16
41.0,7614.0,16
27.0,6874.0,16
12.0,5642.0,16
50.0,7950.0,16
53.0,8025.0,16
13.0,5717.0,16
103.0,9502.0,16
105.0,9532.0,16
12.0,5642.0,16
11.0,5572.0,16
102.0,9495.0,16
0.0,3552.0,0
114.0,9671.0,0
114.0,9671.0,0
0.0,3552.0,0
1.0,3961.0,0
21.0,6412.0,0
6.0,4966.0,0
5.0,4645.0,0
2.0,4050.0,0
3.0,4370.0,0
48.0,7865.0,0
11.0,5287.0,0
20.0,6159.0,0
31.0,7089.0,0
37.0,7398.0,0
29.0,7041.0,0
52.0,8062.0,0
47.0,7745.0,0
15.0,5681.0,0
63.0,8522.0,0
74.0,8875.0,0
54.0,8073.0,0
27.0,6874.0,0
87.0,9137.0,0
14.0,5629.0,0
77.0,8905.0,0
62.0,8452.0,0
51.0,7935.0,0
70.0,8729.0,0
68.0,8667.0,0
19.0,6101.0,0
18.0,5920.0,0
55.0,8168.0,0
45.0,7731.0,0
3.0,4370.0,0
4.0,4549.0,0
50.0,7925.0,0
33.0,7278.0,0
108.0,9585.0,0
22.0,6452.0,0
17.0,5907.0,0
65.0,8564.0,0
71.0,8743.0,0
106.0,9544.0,0
41.0,7630.0,0
72.0,8839.0,0
109.0,9607.0,0
12.0,5440.0,0
88.0,9218.0,0
85.0,9113.0,0
58.0,8282.0,0
9.0,5224.0,0
61.0,8379.0,0
66.0,8582.0,0
56.0,8199.0,0
82.0,9071.0,0
81.0,8985.0,0
67.0,8655.0,0
36.0,7321.0,0
57.0,8258.0,0
59.0,8353.0,0
39.0,7462.0,0
16.0,5806.0,0
97.0,9389.0,0
10.0,5240.0,0
79.0,8953.0,0
96.0,9340.0,0
102.0,9478.0,0
44.0,7673.0,0
13.0,5523.0,0
101.0,9446.0,0
78.0,8923.0,0
16.0,5806.0,0
6.0,4966.0,0
7.0,5064.0,0
32.0,7185.0,0
5.0,4645.0,0
4.0,4549.0,0
40.0,7534.0,0
26.0,6791.0,0
25.0,6697.0,0
32.0,7185.0,0
103.0,9505.0,0
84.0,9095.0,0
28.0,6950.0,0
23.0,6527.0,0
24.0,6617.0,0
73.0,8848.0,0
34.0,7302.0,0
1.0,3961.0,0
2.0,4050.0,0
94.0,9307.0,0
100.0,9428.0,0
91.0,9263.0,0
95.0,9330.0,0
92.0,9282.0,0
80.0,8984.0,0
89.0,9233.0,0
26.0,6791.0,0
13.0,5523.0,0
12.0,5440.0,0
112.0,9646.0,0
8.0,5145.0,0
7.0,5064.0,0
105.0,9530.0,0
24.0,6617.0,0
25.0,6697.0,0
60.0,8361.0,0
8.0,5145.0,0
99.0,9411.0,0
113.0,9660.0,0
104.0,9517.0,0
93.0,9295.0,0
83.0,9074.0,0
28.0,6950.0,0
98.0,9403.0,0
23.0,6527.0,0
35.0,7314.0,0
40.0,7534.0,0
111.0,9632.0,0
0.0,3552.0,7
0.0,3552.0,7
113.0,9671.0,7
113.0,9671.0,7
1.0,3961.0,7
11.0,5553.0,7
6.0,4966.0,7
5.0,4618.0,7
38.0,7605.0,7
28.0,7136.0,7
3.0,4370.0,7
2.0,4052.0,7
25.0,6909.0,7
37.0,7406.0,7
42.0,7659.0,7
10.0,5291.0,7
12.0,5613.0,7
30.0,7158.0,7
24.0,6745.0,7
103.0,9502.0,7
20.0,6370.0,7
70.0,8674.0,7
14.0,5853.0,7
9.0,5165.0,7
77.0,8876.0,7
85.0,9053.0,7
78.0,8917.0,7
4.0,4549.0,7
17.0,6155.0,7
16.0,5976.0,7
3.0,4370.0,7
15.0,5909.0,7
101.0,9464.0,7
51.0,7964.0,7
105.0,9524.0,7
88.0,9186.0,7
57.0,8170.0,7
73.0,8735.0,7
75.0,8766.0,7
109.0,9612.0,7
66.0,8504.0,7
58.0,8258.0,7
67.0,8573.0,7
86.0,9132.0,7
111.0,9634.0,7
44.0,7748.0,7
23.0,6729.0,7
21.0,6513.0,7
22.0,6656.0,7
21.0,6513.0,7
17.0,6155.0,7
18.0,6297.0,7
80.0,8949.0,7
34.0,7278.0,7
26.0,6996.0,7
55.0,8084.0,7
56.0,8157.0,7
26.0,6996.0,7
60.0,8316.0,7
52.0,8028.0,7
35.0,7336.0,7
13.0,5747.0,7
89.0,9247.0,7
61.0,8349.0,7
96.0,9372.0,7
69.0,8609.0,7
64.0,8460.0,7
94.0,9366.0,7
19.0,6345.0,7
10.0,5291.0,7
7.0,5020.0,7
8.0,5145.0,7
36.0,7362.0,7
84.0,9001.0,7
63.0,8398.0,7
50.0,7913.0,7
33.0,7249.0,7
46.0,7796.0,7
59.0,8265.0,7
87.0,9145.0,7
106.0,9550.0,7
13.0,5747.0,7
62.0,8394.0,7
100.0,9439.0,7
44.0,7748.0,7
48.0,7884.0,7
65.0,8473.0,7
53.0,8048.0,7
76.0,8781.0,7
107.0,9578.0,7
99.0,9415.0,7
112.0,9647.0,7
2.0,4052.0,7
1.0,3961.0,7
54.0,8071.0,7
68.0,8597.0,7
83.0,8986.0,7
108.0,9588.0,7
40.0,7638.0,7
32.0,7218.0,7
97.0,9389.0,7
49.0,7902.0,7
91.0,9270.0,7
98.0,9402.0,7
90.0,9264.0,7
92.0,9293.0,7
40.0,7638.0,7
92.0,9293.0,7
22.0,6656.0,7
81.0,8950.0,7
72.0,8720.0,7
5.0,4618.0,7
4.0,4549.0,7
16.0,5976.0,7
94.0,9366.0,7
32.0,7218.0,7
47.0,7855.0,7
6.0,4966.0,7
7.0,5020.0,7
18.0,6297.0,7
0.0,3552.0,29
113.0,9671.0,29
0.0,3552.0,29
113.0,9671.0,29
1.0,3961.0,29
20.0,6191.0,29
21.0,6412.0,29
5.0,4648.0,29
6.0,4966.0,29
2.0,4052.0,29
3.0,4370.0,29
31.0,7087.0,29
107.0,9574.0,29
55.0,8171.0,29
110.0,9604.0,29
81.0,9055.0,29
52.0,8135.0,29
13.0,5430.0,29
84.0,9165.0,29
35.0,7436.0,29
30.0,7000.0,29
16.0,5718.0,29
79.0,8942.0,29
46.0,7910.0,29
82.0,9105.0,29
100.0,9469.0,29
23.0,6527.0,29
4.0,4549.0,29
3.0,4370.0,29
112.0,9640.0,29
9.0,5224.0,29
22.0,6470.0,29
17.0,5859.0,29
18.0,6028.0,29
105.0,9533.0,29
11.0,5353.0,29
48.0,7987.0,29
98.0,9461.0,29
37.0,7535.0,29
42.0,7724.0,29
36.0,7442.0,29
89.0,9232.0,29
68.0,8664.0,29
90.0,9307.0,29
63.0,8455.0,29
32.0,7239.0,29
74.0,8836.0,29
102.0,9502.0,29
56.0,8258.0,29
41.0,7703.0,29
39.0,7621.0,29
17.0,5859.0,29
86.0,9192.0,29
38.0,7543.0,29
94.0,9376.0,29
43.0,7804.0,29
40.0,7632.0,29
14.0,5565.0,29
67.0,8599.0,29
70.0,8731.0,29
28.0,6952.0,29
76.0,8851.0,29
47.0,7920.0,29
33.0,7307.0,29
60.0,8374.0,29
71.0,8775.0,29
33.0,7307.0,29
69.0,8697.0,29
61.0,8438.0,29
97.0,9421.0,29
49.0,8028.0,29
14.0,5565.0,29
15.0,5672.0,29
44.0,7806.0,29
65.0,8565.0,29
91.0,9330.0,29
5.0,4648.0,29
4.0,4549.0,29
7.0,5064.0,29
6.0,4966.0,29
50.0,8042.0,29
26.0,6791.0,29
25.0,6697.0,29
10.0,5261.0,29
92.0,9353.0,29
1.0,3961.0,29
2.0,4052.0,29
24.0,6617.0,29
72.0,8801.0,29
88.0,9208.0,29
66.0,8584.0,29
19.0,6105.0,29
58.0,8281.0,29
59.0,8367.0,29
26.0,6791.0,29
27.0,6874.0,29
64.0,8537.0,29
8.0,5145.0,29
7.0,5064.0,29
25.0,6697.0,29
24.0,6617.0,29
8.0,5145.0,29
104.0,9520.0,29
96.0,9397.0,29
27.0,6874.0,29
93.0,9367.0,29
57.0,8264.0,29
18.0,6028.0,29
19.0,6105.0,29
78.0,8928.0,29
103.0,9509.0,29
62.0,8439.0,29
87.0,9197.0,29
76.0,8851.0,29
78.0,8928.0,29
32.0,7239.0,29
51.0,8071.0,29
12.0,5369.0,29
44.0,7806.0,29
28.0,6952.0,29
0.0,3552.0,8
113.0,9671.0,8
0.0,3552.0,8
113.0,9671.0,8
1.0,3960.0,8
2.0,4052.0,8
5.0,4648.0,8
6.0,4965.0,8
3.0,4369.0,8
22.0,6348.0,8
106.0,9593.0,8
60.0,8340.0,8
78.0,8929.0,8
33.0,7287.0,8
10.0,5186.0,8
97.0,9436.0,8
87.0,9180.0,8
8.0,5145.0,8
84.0,9167.0,8
90.0,9280.0,8
50.0,7933.0,8
38.0,7481.0,8
21.0,6311.0,8
19.0,6106.0,8
88.0,9243.0,8
73.0,8708.0,8
45.0,7793.0,8
53.0,8111.0,8
110.0,9621.0,8
80.0,8985.0,8
52.0,7981.0,8
62.0,8379.0,8
4.0,4549.0,8
3.0,4369.0,8
32.0,7163.0,8
47.0,7813.0,8
23.0,6524.0,8
11.0,5279.0,8
12.0,5453.0,8
15.0,5653.0,8
71.0,8674.0,8
77.0,8845.0,8
59.0,8236.0,8
39.0,7582.0,8
13.0,5561.0,8
99.0,9483.0,8
112.0,9651.0,8
83.0,9114.0,8
18.0,6031.0,8
17.0,5874.0,8
34.0,7353.0,8
43.0,7697.0,8
44.0,7721.0,8
70.0,8647.0,8
95.0,9406.0,8
102.0,9506.0,8
91.0,9358.0,8
69.0,8579.0,8
63.0,8412.0,8
42.0,7625.0,8
81.0,9012.0,8
74.0,8767.0,8
37.0,7422.0,8
49.0,7875.0,8
67.0,8499.0,8
20.0,6189.0,8
16.0,5771.0,8
56.0,8166.0,8
57.0,8183.0,8
76.0,8814.0,8
64.0,8463.0,8
30.0,7052.0,8
32.0,7163.0,8
35.0,7385.0,8
12.0,5453.0,8
58.0,8228.0,8
16.0,5771.0,8
17.0,5874.0,8
105.0,9571.0,8
75.0,8785.0,8
55.0,8121.0,8
5.0,4648.0,8
4.0,4549.0,8
6.0,4965.0,8
7.0,5064.0,8
104.0,9545.0,8
103.0,9527.0,8
27.0,6873.0,8
11.0,5279.0,8
26.0,6780.0,8
13.0,5561.0,8
1.0,3960.0,8
15.0,5653.0,8
2.0,4052.0,8
36.0,7408.0,8
23.0,6524.0,8
24.0,6614.0,8
40.0,7592.0,8
41.0,7617.0,8
25.0,6694.0,8
26.0,6780.0,8
66.0,8491.0,8
20.0,6189.0,8
65.0,8469.0,8
110.0,9621.0,8
7.0,5064.0,8
25.0,6694.0,8
24.0,6614.0,8
30.0,7052.0,8
93.0,9381.0,8
94.0,9397.0,8
28.0,6951.0,8
27.0,6873.0,8
92.0,9372.0,8
28.0,6951.0,8
29.0,7027.0,8
18.0,6031.0,8
54.0,8120.0,8
68.0,8560.0,8
100.0,9489.0,8
114.0,9671.0,15
0.0,3557.0,15
0.0,3557.0,15
114.0,9671.0,15
1.0,3966.0,15
30.0,7070.0,15
2.0,4052.0,15
3.0,4375.0,15
5.0,4626.0,15
6.0,4949.0,15
40.0,7619.0,15
18.0,6295.0,15
16.0,5972.0,15
24.0,6747.0,15
83.0,9025.0,15
60.0,8366.0,15
25.0,6905.0,15
56.0,8190.0,15
58.0,8286.0,15
99.0,9429.0,15
54.0,8101.0,15
20.0,6386.0,15
15.0,5911.0,15
44.0,7819.0,15
68.0,8656.0,15
81.0,8984.0,15
66.0,8578.0,15
10.0,5391.0,15
9.0,5202.0,15
38.0,7599.0,15
34.0,7365.0,15
23.0,6711.0,15
51.0,7927.0,15
42.0,7742.0,15
17.0,6119.0,15
50.0,7891.0,15
101.0,9449.0,15
11.0,5558.0,15
10.0,5391.0,15
73.0,8723.0,15
48.0,7864.0,15
106.0,9588.0,15
84.0,9114.0,15
35.0,7377.0,15
4.0,4533.0,15
3.0,4375.0,15
87.0,9180.0,15
71.0,8689.0,15
32.0,7151.0,15
78.0,8850.0,15
112.0,9649.0,15
17.0,6119.0,15
36.0,7470.0,15
52.0,8018.0,15
19.0,6365.0,15
55.0,8166.0,15
79.0,8937.0,15
97.0,9407.0,15
70.0,8678.0,15
47.0,7836.0,15
108.0,9612.0,15
64.0,8507.0,15
62.0,8421.0,15
53.0,8019.0,15
111.0,9631.0,15
88.0,9245.0,15
59.0,8291.0,15
67.0,8590.0,15
42.0,7742.0,15
36.0,7470.0,15
109.0,9621.0,15
21.0,6511.0,15
64.0,8507.0,15
76.0,8813.0,15
45.0,7831.0,15
102.0,9491.0,15
95.0,9383.0,15
75.0,8770.0,15
33.0,7249.0,15
62.0,8421.0,15
105.0,9559.0,15
21.0,6511.0,15
22.0,6619.0,15
27.0,6956.0,15
26.0,6926.0,15
14.0,5829.0,15
13.0,5725.0,15
74.0,8747.0,15
80.0,8939.0,15
33.0,7249.0,15
103.0,9518.0,15
104.0,9533.0,15
7.0,5043.0,15
6.0,4949.0,15
4.0,4533.0,15
5.0,4626.0,15
22.0,6619.0,15
28.0,6979.0,15
77.0,8841.0,15
1.0,3966.0,15
2.0,4052.0,15
12.0,5643.0,15
11.0,5558.0,15
89.0,9261.0,15
12.0,5643.0,15
13.0,5725.0,15
14.0,5829.0,15
85.0,9131.0,15
32.0,7151.0,15
93.0,9315.0,15
92.0,9301.0,15
90.0,9276.0,15
8.0,5122.0,15
9.0,5202.0,15
7.0,5043.0,15
8.0,5122.0,15
91.0,9288.0,15
96.0,9394.0,15
28.0,6979.0,15
38.0,7599.0,15
0.0,3557.0,2
0.0,3557.0,2
114.0,9671.0,2
114.0,9671.0,2
1.0,3966.0,2
2.0,4052.0,2
3.0,4375.0,2
5.0,4648.0,2
6.0,4970.0,2
21.0,6417.0,2
16.0,5764.0,2
69.0,8671.0,2
42.0,7548.0,2
33.0,7146.0,2
72.0,8734.0,2
29.0,7032.0,2
48.0,7837.0,2
46.0,7749.0,2
105.0,9569.0,2
20.0,6198.0,2
78.0,8935.0,2
14.0,5565.0,2
65.0,8507.0,2
39.0,7347.0,2
88.0,9242.0,2
51.0,7965.0,2
41.0,7475.0,2
75.0,8809.0,2
27.0,6873.0,2
73.0,8762.0,2
10.0,5260.0,2
3.0,4375.0,2
4.0,4554.0,2
57.0,8228.0,2
12.0,5368.0,2
9.0,5224.0,2
18.0,6030.0,2
17.0,5862.0,2
58.0,8293.0,2
52.0,8046.0,2
22.0,6456.0,2
11.0,5352.0,2
64.0,8411.0,2
44.0,7644.0,2
99.0,9419.0,2
79.0,8948.0,2
53.0,8075.0,2
80.0,9037.0,2
44.0,7644.0,2
36.0,7291.0,2
47.0,7768.0,2
68.0,8610.0,2
84.0,9087.0,2
112.0,9654.0,2
34.0,7230.0,2
15.0,5626.0,2
85.0,9162.0,2
31.0,7065.0,2
54.0,8145.0,2
97.0,9401.0,2
66.0,8560.0,2
56.0,8172.0,2
95.0,9372.0,2
108.0,9600.0,2
94.0,9324.0,2
35.0,7231.0,2
102.0,9493.0,2
28.0,6921.0,2
50.0,7908.0,2
59.0,8338.0,2
67.0,8584.0,2
104.0,9531.0,2
13.0,5470.0,2
17.0,5862.0,2
101.0,9460.0,2
13.0,5470.0,2
100.0,9451.0,2
6.0,4970.0,2
7.0,5064.0,2
4.0,4554.0,2
26.0,6791.0,2
5.0,4648.0,2
25.0,6697.0,2
19.0,6105.0,2
20.0,6198.0,2
103.0,9519.0,2
76.0,8844.0,2
24.0,6617.0,2
23.0,6527.0,2
63.0,8402.0,2
76.0,8844.0,2
31.0,7065.0,2
1.0,3966.0,2
2.0,4052.0,2
89.0,9258.0,2
82.0,9060.0,2
96.0,9394.0,2
37.0,7320.0,2
26.0,6791.0,2
90.0,9273.0,2
7.0,5064.0,2
8.0,5145.0,2
110.0,9627.0,2
83.0,9076.0,2
109.0,9612.0,2
111.0,9639.0,2
24.0,6617.0,2
25.0,6697.0,2
93.0,9307.0,2
60.0,8348.0,2
8.0,5145.0,2
91.0,9286.0,2
81.0,9046.0,2
19.0,6105.0,2
18.0,6030.0,2
92.0,9298.0,2
86.0,9169.0,2
50.0,7908.0,2
23.0,6527.0,2
40.0,7412.0,2
0.0,3557.0,19
0.0,3557.0,19
113.0,9671.0,19
113.0,9671.0,19
11.0,5541.0,19
1.0,3966.0,19
3.0,4375.0,19
2.0,4050.0,19
6.0,4949.0,19
5.0,4626.0,19
10.0,5220.0,19
83.0,9047.0,19
84.0,9165.0,19
15.0,5904.0,19
25.0,6704.0,19
43.0,7635.0,19
26.0,6854.0,19
68.0,8682.0,19
61.0,8418.0,19
59.0,8374.0,19
48.0,7877.0,19
45.0,7687.0,19
70.0,8738.0,19
47.0,7742.0,19
62.0,8480.0,19
92.0,9296.0,19
75.0,8957.0,19
94.0,9366.0,19
97.0,9434.0,19
40.0,7532.0,19
34.0,7212.0,19
35.0,7323.0,19
39.0,7430.0,19
111.0,9628.0,19
66.0,8613.0,19
106.0,9553.0,19
110.0,9609.0,19
31.0,7001.0,19
50.0,7976.0,19
64.0,8566.0,19
108.0,9572.0,19
33.0,7199.0,19
4.0,4533.0,19
3.0,4375.0,19
49.0,7900.0,19
9.0,5202.0,19
99.0,9466.0,19
24.0,6674.0,19
56.0,8223.0,19
81.0,9012.0,19
57.0,8291.0,19
55.0,8197.0,19
18.0,6297.0,19
17.0,6155.0,19
63.0,8558.0,19
58.0,8314.0,19
86.0,9189.0,19
77.0,8976.0,19
42.0,7563.0,19
73.0,8822.0,19
17.0,6155.0,19
16.0,6022.0,19
37.0,7396.0,19
36.0,7334.0,19
14.0,5829.0,19
13.0,5703.0,19
102.0,9494.0,19
67.0,8627.0,19
21.0,6515.0,19
27.0,6870.0,19
16.0,6022.0,19
96.0,9395.0,19
54.0,8135.0,19
104.0,9498.0,19
46.0,7734.0,19
89.0,9245.0,19
12.0,5597.0,19
13.0,5703.0,19
72.0,8785.0,19
32.0,7106.0,19
28.0,6919.0,19
71.0,8771.0,19
52.0,8056.0,19
90.0,9260.0,19
32.0,7106.0,19
5.0,4626.0,19
4.0,4533.0,19
22.0,6518.0,19
23.0,6610.0,19
6.0,4949.0,19
7.0,5041.0,19
73.0,8822.0,19
91.0,9285.0,19
38.0,7412.0,19
20.0,6452.0,19
19.0,6366.0,19
41.0,7554.0,19
1.0,3966.0,19
2.0,4050.0,19
95.0,9371.0,19
8.0,5122.0,19
7.0,5041.0,19
78.0,8984.0,19
8.0,5122.0,19
79.0,9002.0,19
52.0,8056.0,19
54.0,8135.0,19
28.0,6919.0,19
30.0,6996.0,19
14.0,5829.0,19
87.0,9192.0,19
107.0,9557.0,19
75.0,8957.0,19
101.0,9483.0,19
100.0,9475.0,19
19.0,6366.0,19
18.0,6297.0,19
80.0,9009.0,19
23.0,6610.0,19
20.0,6452.0,19
114.0,9671.0,20
0.0,3557.0,20
0.0,3557.0,20
114.0,9671.0,20
1.0,3966.0,20
15.0,5649.0,20
3.0,4375.0,20
2.0,4052.0,20
21.0,6412.0,20
6.0,4970.0,20
5.0,4648.0,20
57.0,8194.0,20
16.0,5764.0,20
68.0,8590.0,20
83.0,9152.0,20
86.0,9190.0,20
93.0,9340.0,20
46.0,7801.0,20
34.0,7365.0,20
31.0,7056.0,20
81.0,9053.0,20
55.0,8123.0,20
20.0,6198.0,20
72.0,8733.0,20
43.0,7687.0,20
32.0,7203.0,20
23.0,6524.0,20
74.0,8748.0,20
29.0,6956.0,20
59.0,8267.0,20
37.0,7459.0,20
3.0,4375.0,20
4.0,4554.0,20
87.0,9246.0,20
91.0,9290.0,20
9.0,5223.0,20
106.0,9560.0,20
63.0,8392.0,20
70.0,8636.0,20
22.0,6467.0,20
13.0,5536.0,20
95.0,9378.0,20
75.0,8826.0,20
33.0,7205.0,20
27.0,6852.0,20
104.0,9523.0,20
28.0,6892.0,20
54.0,8087.0,20
30.0,7038.0,20
53.0,8021.0,20
82.0,9085.0,20
77.0,8885.0,20
71.0,8649.0,20
45.0,7726.0,20
64.0,8463.0,20
78.0,8955.0,20
52.0,7988.0,20
112.0,9619.0,20
38.0,7524.0,20
36.0,7390.0,20
17.0,5900.0,20
89.0,9260.0,20
60.0,8284.0,20
17.0,5900.0,20
18.0,6030.0,20
110.0,9612.0,20
50.0,7885.0,20
61.0,8344.0,20
97.0,9413.0,20
39.0,7545.0,20
40.0,7588.0,20
13.0,5536.0,20
76.0,8857.0,20
12.0,5425.0,20
98.0,9461.0,20
113.0,9645.0,20
62.0,8350.0,20
65.0,8485.0,20
49.0,7862.0,20
6.0,4970.0,20
7.0,5064.0,20
4.0,4554.0,20
5.0,4648.0,20
19.0,6105.0,20
26.0,6787.0,20
20.0,6198.0,20
25.0,6694.0,20
44.0,7705.0,20
24.0,6615.0,20
10.0,5260.0,20
11.0,5351.0,20
107.0,9584.0,20
96.0,9396.0,20
1.0,3966.0,20
2.0,4052.0,20
90.0,9272.0,20
66.0,8507.0,20
103.0,9509.0,20
41.0,7606.0,20
7.0,5064.0,20
8.0,5145.0,20
25.0,6694.0,20
24.0,6615.0,20
35.0,7374.0,20
8.0,5145.0,20
102.0,9495.0,20
79.0,8978.0,20
66.0,8507.0,20
18.0,6030.0,20
79.0,8978.0,20
19.0,6105.0,20
12.0,5425.0,20
11.0,5351.0,20
101.0,9486.0,20
100.0,9475.0,20
48.0,7843.0,20
108.0,9596.0,20
41.0,7606.0,20
109.0,9603.0,20
99.0,9467.0,20
113.0,9671.0,27
113.0,9671.0,27
0.0,3557.0,27
0.0,3557.0,27
1.0,3966.0,27
11.0,5572.0,27
2.0,4051.0,27
3.0,4375.0,27
6.0,4949.0,27
5.0,4626.0,27
26.0,6911.0,27
38.0,7505.0,27
85.0,9144.0,27
88.0,9221.0,27
22.0,6657.0,27
21.0,6478.0,27
10.0,5346.0,27
12.0,5636.0,27
31.0,7126.0,27
91.0,9253.0,27
24.0,6734.0,27
41.0,7678.0,27
47.0,7894.0,27
65.0,8575.0,27
9.0,5149.0,27
10.0,5346.0,27
48.0,7999.0,27
60.0,8403.0,27
28.0,6948.0,27
78.0,8948.0,27
33.0,7299.0,27
72.0,8805.0,27
61.0,8455.0,27
77.0,8908.0,27
55.0,8166.0,27
101.0,9467.0,27
29.0,6985.0,27
70.0,8703.0,27
64.0,8497.0,27
8.0,5119.0,27
39.0,7610.0,27
25.0,6753.0,27
4.0,4533.0,27
3.0,4375.0,27
37.0,7416.0,27
71.0,8709.0,27
75.0,8883.0,27
57.0,8225.0,27
19.0,6393.0,27
34.0,7356.0,27
52.0,8074.0,27
80.0,8978.0,27
17.0,6154.0,27
18.0,6297.0,27
96.0,9372.0,27
103.0,9494.0,27
53.0,8142.0,27
42.0,7705.0,27
16.0,6020.0,27
15.0,5883.0,27
44.0,7775.0,27
59.0,8323.0,27
16.0,6020.0,27
17.0,6154.0,27
45.0,7844.0,27
98.0,9380.0,27
100.0,9433.0,27
43.0,7763.0,27
83.0,9020.0,27
66.0,8641.0,27
93.0,9295.0,27
87.0,9179.0,27
57.0,8225.0,27
107.0,9566.0,27
73.0,8830.0,27
74.0,8861.0,27
99.0,9396.0,27
13.0,5743.0,27
106.0,9537.0,27
32.0,7232.0,27
68.0,8652.0,27
94.0,9345.0,27
46.0,7854.0,27
111.0,9627.0,27
112.0,9656.0,27
59.0,8323.0,27
92.0,9281.0,27
51.0,8051.0,27
18.0,6297.0,27
6.0,4949.0,27
7.0,5043.0,27
4.0,4533.0,27
5.0,4626.0,27
108.0,9596.0,27
105.0,9514.0,27
82.0,9010.0,27
86.0,9158.0,27
49.0,8027.0,27
81.0,8984.0,27
2.0,4051.0,27
21.0,6478.0,27
1.0,3966.0,27
19.0,6393.0,27
63.0,8468.0,27
95.0,9346.0,27
50.0,8032.0,27
54.0,8161.0,27
110.0,9611.0,27
22.0,6657.0,27
36.0,7402.0,27
30.0,7061.0,27
7.0,5043.0,27
104.0,9500.0,27
13.0,5743.0,27
14.0,5816.0,27
109.0,9604.0,27
39.0,7610.0,27
15.0,5883.0,27
32.0,7232.0,27
14.0,5816.0,27
0.0,3557.0,13
0.0,3557.0,13
114.0,9671.0,13
114.0,9671.0,13
1.0,3966.0,13
20.0,6196.0,13
5.0,4645.0,13
6.0,4970.0,13
2.0,4050.0,13
3.0,4375.0,13
36.0,7283.0,13
73.0,8674.0,13
38.0,7322.0,13
21.0,6407.0,13
40.0,7397.0,13
46.0,7727.0,13
44.0,7483.0,13
34.0,7194.0,13
74.0,8746.0,13
42.0,7423.0,13
70.0,8630.0,13
78.0,8858.0,13
25.0,6671.0,13
59.0,8282.0,13
90.0,9280.0,13
88.0,9254.0,13
106.0,9601.0,13
31.0,7018.0,13
29.0,6988.0,13
95.0,9406.0,13
60.0,8316.0,13
8.0,5143.0,13
54.0,8096.0,13
109.0,9620.0,13
51.0,7964.0,13
3.0,4375.0,13
4.0,4554.0,13
97.0,9419.0,13
32.0,7085.0,13
33.0,7138.0,13
67.0,8505.0,13
68.0,8601.0,13
45.0,7571.0,13
48.0,7812.0,13
101.0,9513.0,13
64.0,8466.0,13
63.0,8394.0,13
18.0,6030.0,13
17.0,5885.0,13
83.0,9061.0,13
91.0,9358.0,13
82.0,9035.0,13
50.0,7886.0,13
93.0,9384.0,13
79.0,8933.0,13
47.0,7774.0,13
53.0,8019.0,13
11.0,5284.0,13
103.0,9539.0,13
16.0,5750.0,13
17.0,5885.0,13
23.0,6508.0,13
84.0,9126.0,13
57.0,8209.0,13
76.0,8819.0,13
98.0,9473.0,13
57.0,8209.0,13
9.0,5200.0,13
55.0,8152.0,13
52.0,8013.0,13
15.0,5644.0,13
16.0,5750.0,13
12.0,5367.0,13
13.0,5471.0,13
21.0,6407.0,13
23.0,6508.0,13
86.0,9149.0,13
76.0,8819.0,13
7.0,5062.0,13
6.0,4970.0,13
4.0,4554.0,13
5.0,4645.0,13
28.0,6922.0,13
27.0,6831.0,13
80.0,8945.0,13
14.0,5555.0,13
15.0,5644.0,13
19.0,6108.0,13
45.0,7571.0,13
24.0,6586.0,13
100.0,9492.0,13
13.0,5471.0,13
9.0,5200.0,13
26.0,6747.0,13
1.0,3966.0,13
2.0,4050.0,13
11.0,5284.0,13
27.0,6831.0,13
14.0,5555.0,13
12.0,5367.0,13
69.0,8608.0,13
65.0,8492.0,13
112.0,9644.0,13
7.0,5062.0,13
113.0,9665.0,13
92.0,9371.0,13
62.0,8369.0,13
19.0,6108.0,13
24.0,6586.0,13
18.0,6030.0,13
87.0,9177.0,13
85.0,9135.0,13
26.0,6747.0,13
99.0,9482.0,13
111.0,9637.0,13
110.0,9626.0,13
66.0,8495.0,13
28.0,6922.0,13
81.0,8970.0,13
49.0,7875.0,13
0.0,3557.0,18
114.0,9671.0,18
0.0,3557.0,18
114.0,9671.0,18
1.0,3966.0,18
2.0,4052.0,18
3.0,4375.0,18
5.0,4648.0,18
6.0,4970.0,18
48.0,7958.0,18
58.0,8269.0,18
21.0,6411.0,18
32.0,7236.0,18
11.0,5286.0,18
50.0,8027.0,18
9.0,5223.0,18
34.0,7299.0,18
99.0,9423.0,18
35.0,7372.0,18
80.0,8955.0,18
88.0,9214.0,18
20.0,6195.0,18
56.0,8178.0,18
64.0,8566.0,18
16.0,5718.0,18
17.0,5921.0,18
110.0,9618.0,18
65.0,8584.0,18
108.0,9604.0,18
67.0,8659.0,18
47.0,7829.0,18
41.0,7641.0,18
15.0,5625.0,18
94.0,9318.0,18
37.0,7498.0,18
14.0,5585.0,18
72.0,8735.0,18
36.0,7473.0,18
3.0,4375.0,18
4.0,4554.0,18
76.0,8819.0,18
101.0,9478.0,18
90.0,9258.0,18
86.0,9132.0,18
77.0,8916.0,18
38.0,7601.0,18
74.0,8788.0,18
81.0,9048.0,18
84.0,9088.0,18
59.0,8359.0,18
97.0,9400.0,18
52.0,8050.0,18
71.0,8714.0,18
112.0,9645.0,18
69.0,8693.0,18
92.0,9294.0,18
78.0,8931.0,18
62.0,8482.0,18
106.0,9579.0,18
54.0,8079.0,18
44.0,7740.0,18
87.0,9149.0,18
45.0,7801.0,18
12.0,5376.0,18
13.0,5497.0,18
95.0,9371.0,18
104.0,9538.0,18
18.0,6030.0,18
17.0,5921.0,18
103.0,9511.0,18
31.0,7137.0,18
31.0,7137.0,18
30.0,7038.0,18
22.0,6429.0,18
23.0,6524.0,18
105.0,9569.0,18
7.0,5064.0,18
6.0,4970.0,18
25.0,6697.0,18
4.0,4554.0,18
26.0,6791.0,18
5.0,4648.0,18
16.0,5718.0,18
23.0,6524.0,18
24.0,6617.0,18
61.0,8391.0,18
12.0,5376.0,18
20.0,6195.0,18
19.0,6105.0,18
91.0,9278.0,18
13.0,5497.0,18
68.0,8673.0,18
102.0,9488.0,18
2.0,4052.0,18
1.0,3966.0,18
40.0,7632.0,18
60.0,8374.0,18
82.0,9061.0,18
39.0,7609.0,18
75.0,8791.0,18
62.0,8482.0,18
27.0,6874.0,18
29.0,6955.0,18
30.0,7038.0,18
26.0,6791.0,18
96.0,9377.0,18
53.0,8073.0,18
55.0,8161.0,18
46.0,7816.0,18
8.0,5145.0,18
7.0,5064.0,18
83.0,9080.0,18
25.0,6697.0,18
24.0,6617.0,18
113.0,9660.0,18
8.0,5145.0,18
43.0,7718.0,18
28.0,6950.0,18
27.0,6874.0,18
43.0,7718.0,18
0.0,3557.0,4
0.0,3557.0,4
115.0,9671.0,4
115.0,9671.0,4
1.0,3966.0,4
5.0,4626.0,4
2.0,4052.0,4
6.0,4949.0,4
3.0,4375.0,4
14.0,5767.0,4
78.0,8916.0,4
10.0,5239.0,4
18.0,6292.0,4
71.0,8646.0,4
44.0,7576.0,4
68.0,8584.0,4
36.0,7255.0,4
24.0,6594.0,4
52.0,8019.0,4
80.0,8955.0,4
58.0,8265.0,4
74.0,8688.0,4
75.0,8838.0,4
65.0,8468.0,4
35.0,7204.0,4
95.0,9346.0,4
86.0,9090.0,4
45.0,7702.0,4
21.0,6364.0,4
88.0,9160.0,4
31.0,7033.0,4
76.0,8850.0,4
27.0,6819.0,4
32.0,7108.0,4
94.0,9308.0,4
51.0,7952.0,4
62.0,8440.0,4
28.0,6868.0,4
11.0,5404.0,4
47.0,7788.0,4
26.0,6741.0,4
108.0,9572.0,4
29.0,6934.0,4
92.0,9278.0,4
3.0,4375.0,4
4.0,4533.0,4
106.0,9526.0,4
61.0,8337.0,4
66.0,8558.0,4
48.0,7822.0,4
23.0,6537.0,4
30.0,6975.0,4
16.0,5999.0,4
17.0,6151.0,4
99.0,9423.0,4
17.0,6151.0,4
15.0,5907.0,4
46.0,7713.0,4
13.0,5646.0,4
12.0,5507.0,4
81.0,9031.0,4
63.0,8453.0,4
49.0,7890.0,4
40.0,7359.0,4
56.0,8200.0,4
89.0,9170.0,4
22.0,6494.0,4
13.0,5646.0,4
41.0,7423.0,4
25.0,6710.0,4
50.0,7902.0,4
43.0,7519.0,4
97.0,9402.0,4
54.0,8068.0,4
33.0,7160.0,4
11.0,5404.0,4
12.0,5507.0,4
59.0,8314.0,4
100.0,9445.0,4
41.0,7423.0,4
43.0,7519.0,4
91.0,9256.0,4
6.0,4949.0,4
7.0,5043.0,4
5.0,4626.0,4
4.0,4533.0,4
16.0,5999.0,4
15.0,5907.0,4
101.0,9468.0,4
114.0,9663.0,4
113.0,9637.0,4
1.0,3966.0,4
2.0,4052.0,4
39.0,7346.0,4
110.0,9595.0,4
72.0,8668.0,4
103.0,9498.0,4
102.0,9482.0,4
85.0,9071.0,4
7.0,5043.0,4
8.0,5123.0,4
67.0,8571.0,4
112.0,9629.0,4
8.0,5123.0,4
9.0,5202.0,4
104.0,9512.0,4
55.0,8123.0,4
109.0,9580.0,4
83.0,9052.0,4
82.0,9040.0,4
97.0,9402.0,4
73.0,8676.0,4
84.0,9062.0,4
38.0,7327.0,4
38.0,7327.0,4
20.0,6360.0,4
105.0,9522.0,4
90.0,9237.0,4
56.0,8200.0,4
19.0,6350.0,4
0.0,3557.0,1
113.0,9671.0,1
113.0,9671.0,1
0.0,3557.0,1
1.0,3966.0,1
106.0,9573.0,1
3.0,4375.0,1
2.0,4052.0,1
5.0,4648.0,1
6.0,4970.0,1
18.0,6030.0,1
101.0,9473.0,1
77.0,8875.0,1
80.0,8957.0,1
103.0,9521.0,1
55.0,8139.0,1
45.0,7651.0,1
35.0,7399.0,1
109.0,9621.0,1
83.0,8979.0,1
58.0,8166.0,1
84.0,9070.0,1
75.0,8787.0,1
70.0,8717.0,1
32.0,7178.0,1
13.0,5520.0,1
31.0,7134.0,1
69.0,8588.0,1
17.0,5839.0,1
38.0,7438.0,1
61.0,8288.0,1
39.0,7555.0,1
19.0,6105.0,1
3.0,4375.0,1
4.0,4554.0,1
97.0,9395.0,1
33.0,7277.0,1
14.0,5562.0,1
53.0,8024.0,1
9.0,5176.0,1
34.0,7302.0,1
51.0,7927.0,1
43.0,7611.0,1
54.0,8090.0,1
62.0,8403.0,1
60.0,8272.0,1
10.0,5267.0,1
59.0,8179.0,1
46.0,7736.0,1
111.0,9642.0,1
52.0,7967.0,1
37.0,7423.0,1
73.0,8764.0,1
87.0,9170.0,1
88.0,9235.0,1
50.0,7846.0,1
76.0,8856.0,1
48.0,7821.0,1
47.0,7750.0,1
24.0,6615.0,1
23.0,6477.0,1
11.0,5284.0,1
12.0,5421.0,1
28.0,6952.0,1
81.0,8974.0,1
85.0,9126.0,1
15.0,5643.0,1
16.0,5755.0,1
21.0,6267.0,1
20.0,6158.0,1
95.0,9354.0,1
22.0,6371.0,1
23.0,6477.0,1
22.0,6371.0,1
21.0,6267.0,1
102.0,9493.0,1
65.0,8535.0,1
12.0,5421.0,1
86.0,9144.0,1
26.0,6788.0,1
25.0,6691.0,1
30.0,7037.0,1
96.0,9379.0,1
89.0,9260.0,1
5.0,4648.0,1
7.0,5064.0,1
62.0,8403.0,1
64.0,8497.0,1
4.0,4554.0,1
6.0,4970.0,1
94.0,9327.0,1
64.0,8497.0,1
72.0,8749.0,1
42.0,7587.0,1
71.0,8731.0,1
2.0,4052.0,1
1.0,3966.0,1
67.0,8560.0,1
27.0,6873.0,1
26.0,6788.0,1
92.0,9297.0,1
93.0,9315.0,1
17.0,5839.0,1
16.0,5755.0,1
30.0,7037.0,1
29.0,6953.0,1
68.0,8576.0,1
7.0,5064.0,1
8.0,5145.0,1
15.0,5643.0,1
49.0,7837.0,1
90.0,9275.0,1
66.0,8545.0,1
27.0,6873.0,1
97.0,9395.0,1
40.0,7568.0,1
91.0,9285.0,1
24.0,6615.0,1
25.0,6691.0,1
110.0,9627.0,1
113.0,9671.0,24
0.0,3552.0,24
113.0,9671.0,24
0.0,3552.0,24
1.0,3961.0,24
20.0,6159.0,24
21.0,6412.0,24
6.0,4966.0,24
5.0,4648.0,24
3.0,4370.0,24
2.0,4052.0,24
45.0,7751.0,24
47.0,7807.0,24
76.0,8871.0,24
54.0,8115.0,24
11.0,5287.0,24
79.0,8908.0,24
17.0,5885.0,24
50.0,8032.0,24
52.0,8077.0,24
84.0,9013.0,24
39.0,7603.0,24
85.0,9108.0,24
32.0,7239.0,24
15.0,5635.0,24
38.0,7432.0,24
87.0,9147.0,24
68.0,8665.0,24
56.0,8179.0,24
23.0,6527.0,24
40.0,7621.0,24
82.0,8971.0,24
42.0,7708.0,24
48.0,7921.0,24
3.0,4370.0,24
4.0,4549.0,24
97.0,9402.0,24
81.0,8917.0,24
22.0,6457.0,24
105.0,9563.0,24
12.0,5454.0,24
103.0,9522.0,24
49.0,7933.0,24
88.0,9225.0,24
75.0,8800.0,24
9.0,5223.0,24
63.0,8478.0,24
19.0,6101.0,24
18.0,5954.0,24
60.0,8299.0,24
66.0,8579.0,24
27.0,6872.0,24
28.0,6876.0,24
16.0,5748.0,24
14.0,5566.0,24
10.0,5244.0,24
99.0,9436.0,24
31.0,7123.0,24
100.0,9482.0,24
16.0,5748.0,24
64.0,8534.0,24
58.0,8269.0,24
13.0,5562.0,24
12.0,5454.0,24
94.0,9326.0,24
66.0,8579.0,24
5.0,4648.0,24
4.0,4549.0,24
7.0,5064.0,24
6.0,4966.0,24
42.0,7708.0,24
72.0,8733.0,24
89.0,9248.0,24
71.0,8721.0,24
26.0,6791.0,24
25.0,6697.0,24
74.0,8771.0,24
73.0,8762.0,24
30.0,7031.0,24
31.0,7123.0,24
112.0,9651.0,24
1.0,3961.0,24
2.0,4052.0,24
111.0,9634.0,24
24.0,6617.0,24
90.0,9266.0,24
98.0,9418.0,24
106.0,9581.0,24
93.0,9307.0,24
70.0,8693.0,24
91.0,9283.0,24
59.0,8278.0,24
69.0,8691.0,24
95.0,9353.0,24
8.0,5145.0,24
26.0,6791.0,24
7.0,5064.0,24
110.0,9615.0,24
25.0,6697.0,24
36.0,7408.0,24
24.0,6617.0,24
34.0,7328.0,24
29.0,6956.0,24
102.0,9505.0,24
37.0,7423.0,24
92.0,9296.0,24
8.0,5145.0,24
101.0,9497.0,24
107.0,9597.0,24
34.0,7328.0,24
30.0,7031.0,24
62.0,8440.0,24
29.0,6956.0,24
61.0,8365.0,24
36.0,7408.0,24
18.0,5954.0,24
33.0,7307.0,24
109.0,9608.0,24
61.0,8365.0,24
108.0,9602.0,24
0.0,3557.0,17
114.0,9671.0,17
0.0,3557.0,17
114.0,9671.0,17
1.0,3966.0,17
6.0,4949.0,17
5.0,4626.0,17
3.0,4375.0,17
2.0,4052.0,17
20.0,6379.0,17
9.0,5153.0,17
16.0,5973.0,17
92.0,9305.0,17
36.0,7456.0,17
87.0,9176.0,17
15.0,5907.0,17
46.0,7782.0,17
18.0,6296.0,17
32.0,7180.0,17
85.0,9076.0,17
10.0,5353.0,17
35.0,7381.0,17
106.0,9585.0,17
13.0,5749.0,17
10.0,5353.0,17
11.0,5541.0,17
78.0,8924.0,17
33.0,7276.0,17
108.0,9590.0,17
99.0,9411.0,17
88.0,9218.0,17
17.0,6121.0,17
101.0,9466.0,17
31.0,7113.0,17
29.0,6982.0,17
44.0,7741.0,17
8.0,5123.0,17
69.0,8702.0,17
94.0,9350.0,17
28.0,6952.0,17
34.0,7312.0,17
3.0,4375.0,17
4.0,4533.0,17
52.0,8050.0,17
60.0,8382.0,17
49.0,7930.0,17
53.0,8083.0,17
54.0,8148.0,17
65.0,8593.0,17
17.0,6121.0,17
64.0,8510.0,17
22.0,6591.0,17
61.0,8393.0,17
71.0,8725.0,17
59.0,8292.0,17
41.0,7637.0,17
57.0,8269.0,17
105.0,9503.0,17
56.0,8199.0,17
39.0,7615.0,17
47.0,7864.0,17
68.0,8669.0,17
42.0,7720.0,17
95.0,9361.0,17
104.0,9494.0,17
75.0,8799.0,17
80.0,8964.0,17
97.0,9380.0,17
102.0,9473.0,17
110.0,9608.0,17
81.0,9030.0,17
51.0,7981.0,17
38.0,7539.0,17
14.0,5780.0,17
76.0,8868.0,17
48.0,7871.0,17
21.0,6498.0,17
67.0,8614.0,17
90.0,9245.0,17
12.0,5643.0,17
50.0,7971.0,17
55.0,8179.0,17
74.0,8785.0,17
12.0,5643.0,17
11.0,5541.0,17
73.0,8749.0,17
25.0,6697.0,17
26.0,6791.0,17
79.0,8947.0,17
21.0,6498.0,17
7.0,5042.0,17
5.0,4626.0,17
4.0,4533.0,17
6.0,4949.0,17
63.0,8500.0,17
113.0,9659.0,17
2.0,4052.0,17
22.0,6591.0,17
1.0,3966.0,17
24.0,6677.0,17
30.0,7066.0,17
111.0,9618.0,17
27.0,6874.0,17
18.0,6296.0,17
26.0,6791.0,17
38.0,7539.0,17
62.0,8475.0,17
7.0,5042.0,17
90.0,9245.0,17
83.0,9055.0,17
82.0,9044.0,17
27.0,6874.0,17
72.0,8741.0,17
58.0,8290.0,17
40.0,7629.0,17
43.0,7724.0,17
66.0,8606.0,17
84.0,9071.0,17
24.0,6677.0,17
76.0,8868.0,17
113.0,9671.0,10
113.0,9671.0,10
0.0,3552.0,10
0.0,3552.0,10
1.0,3961.0,10
17.0,5859.0,10
5.0,4645.0,10
6.0,4966.0,10
2.0,4050.0,10
3.0,4370.0,10
48.0,8008.0,10
51.0,8069.0,10
106.0,9591.0,10
41.0,7696.0,10
88.0,9180.0,10
66.0,8538.0,10
39.0,7615.0,10
52.0,8131.0,10
86.0,9140.0,10
24.0,6617.0,10
20.0,6201.0,10
21.0,6402.0,10
54.0,8164.0,10
109.0,9618.0,10
26.0,6747.0,10
14.0,5625.0,10
77.0,8898.0,10
15.0,5684.0,10
25.0,6674.0,10
34.0,7366.0,10
33.0,7250.0,10
11.0,5447.0,10
37.0,7500.0,10
22.0,6433.0,10
4.0,4549.0,10
3.0,4370.0,10
70.0,8695.0,10
36.0,7473.0,10
38.0,7599.0,10
18.0,6028.0,10
78.0,8932.0,10
103.0,9539.0,10
57.0,8192.0,10
96.0,9396.0,10
105.0,9549.0,10
73.0,8748.0,10
74.0,8837.0,10
58.0,8277.0,10
46.0,7913.0,10
29.0,6971.0,10
12.0,5467.0,10
93.0,9307.0,10
67.0,8573.0,10
98.0,9420.0,10
80.0,8956.0,10
47.0,7926.0,10
89.0,9257.0,10
45.0,7823.0,10
91.0,9284.0,10
43.0,7806.0,10
62.0,8436.0,10
56.0,8169.0,10
61.0,8368.0,10
59.0,8295.0,10
83.0,9045.0,10
60.0,8356.0,10
82.0,8990.0,10
95.0,9368.0,10
31.0,7118.0,10
32.0,7239.0,10
68.0,8636.0,10
10.0,5340.0,10
9.0,5224.0,10
94.0,9329.0,10
30.0,7003.0,10
31.0,7118.0,10
102.0,9495.0,10
10.0,5340.0,10
16.0,5756.0,10
100.0,9464.0,10
20.0,6201.0,10
19.0,6100.0,10
99.0,9438.0,10
72.0,8731.0,10
7.0,5062.0,10
6.0,4966.0,10
5.0,4645.0,10
4.0,4549.0,10
35.0,7378.0,10
84.0,9065.0,10
23.0,6527.0,10
71.0,8706.0,10
27.0,6811.0,10
23.0,6527.0,10
28.0,6901.0,10
2.0,4050.0,10
1.0,3961.0,10
81.0,8973.0,10
112.0,9645.0,10
101.0,9485.0,10
63.0,8452.0,10
8.0,5145.0,10
7.0,5062.0,10
90.0,9273.0,10
13.0,5548.0,10
8.0,5145.0,10
9.0,5224.0,10
13.0,5548.0,10
110.0,9627.0,10
111.0,9639.0,10
19.0,6100.0,10
16.0,5756.0,10
64.0,8466.0,10
18.0,6028.0,10
44.0,7821.0,10
42.0,7736.0,10
28.0,6901.0,10
75.0,8852.0,10
64.0,8466.0,10
27.0,6811.0,10
115.0,9671.0,11
0.0,3552.0,11
0.0,3552.0,11
115.0,9671.0,11
1.0,3961.0,11
18.0,6298.0,11
3.0,4370.0,11
2.0,4052.0,11
6.0,4944.0,11
5.0,4626.0,11
11.0,5569.0,11
31.0,7084.0,11
9.0,5153.0,11
10.0,5392.0,11
12.0,5620.0,11
17.0,6071.0,11
65.0,8519.0,11
20.0,6319.0,11
68.0,8643.0,11
16.0,5975.0,11
44.0,7649.0,11
55.0,8171.0,11
103.0,9529.0,11
100.0,9493.0,11
40.0,7434.0,11
74.0,8849.0,11
43.0,7619.0,11
10.0,5392.0,11
52.0,7991.0,11
23.0,6544.0,11
36.0,7377.0,11
29.0,6974.0,11
60.0,8296.0,11
76.0,8886.0,11
8.0,5123.0,11
42.0,7513.0,11
90.0,9275.0,11
4.0,4528.0,11
3.0,4370.0,11
77.0,8975.0,11
63.0,8472.0,11
49.0,7875.0,11
28.0,6950.0,11
85.0,9168.0,11
48.0,7798.0,11
84.0,9091.0,11
113.0,9641.0,11
33.0,7207.0,11
35.0,7312.0,11
53.0,8068.0,11
112.0,9631.0,11
110.0,9619.0,11
109.0,9610.0,11
61.0,8369.0,11
66.0,8592.0,11
39.0,7415.0,11
50.0,7899.0,11
13.0,5745.0,11
107.0,9599.0,11
33.0,7207.0,11
69.0,8705.0,11
47.0,7777.0,11
56.0,8180.0,11
71.0,8724.0,11
57.0,8238.0,11
59.0,8253.0,11
15.0,5905.0,11
14.0,5799.0,11
88.0,9239.0,11
105.0,9574.0,11
72.0,8774.0,11
87.0,9201.0,11
53.0,8068.0,11
61.0,8369.0,11
63.0,8472.0,11
46.0,7731.0,11
98.0,9457.0,11
82.0,9060.0,11
104.0,9543.0,11
6.0,4944.0,11
4.0,4528.0,11
7.0,5042.0,11
5.0,4626.0,11
81.0,9026.0,11
17.0,6071.0,11
25.0,6697.0,11
26.0,6791.0,11
21.0,6413.0,11
30.0,7067.0,11
1.0,3961.0,11
2.0,4052.0,11
34.0,7298.0,11
75.0,8862.0,11
99.0,9482.0,11
89.0,9253.0,11
97.0,9436.0,11
86.0,9189.0,11
96.0,9421.0,11
83.0,9071.0,11
21.0,6413.0,11
22.0,6497.0,11
26.0,6791.0,11
27.0,6874.0,11
91.0,9358.0,11
78.0,8990.0,11
93.0,9383.0,11
46.0,7731.0,11
7.0,5042.0,11
25.0,6697.0,11
24.0,6617.0,11
79.0,9004.0,11
42.0,7513.0,11
106.0,9593.0,11
92.0,9369.0,11
95.0,9404.0,11
27.0,6874.0,11
80.0,9016.0,11
72.0,8774.0,11
94.0,9398.0,11
24.0,6617.0,11
113.0,9671.0,3
0.0,3552.0,3
113.0,9671.0,3
0.0,3552.0,3
1.0,3961.0,3
5.0,4626.0,3
2.0,4052.0,3
3.0,4370.0,3
6.0,4944.0,3
66.0,8601.0,3
25.0,6801.0,3
53.0,8039.0,3
61.0,8391.0,3
45.0,7720.0,3
24.0,6650.0,3
80.0,9038.0,3
11.0,5398.0,3
12.0,5622.0,3
14.0,5785.0,3
13.0,5739.0,3
43.0,7672.0,3
19.0,6394.0,3
51.0,7986.0,3
107.0,9598.0,3
22.0,6570.0,3
42.0,7619.0,3
109.0,9607.0,3
41.0,7525.0,3
74.0,8780.0,3
50.0,7941.0,3
29.0,7032.0,3
68.0,8664.0,3
63.0,8484.0,3
31.0,7059.0,3
9.0,5140.0,3
10.0,5318.0,3
79.0,8950.0,3
21.0,6473.0,3
54.0,8131.0,3
105.0,9566.0,3
28.0,6924.0,3
84.0,9086.0,3
4.0,4528.0,3
3.0,4370.0,3
48.0,7766.0,3
47.0,7748.0,3
91.0,9275.0,3
99.0,9431.0,3
88.0,9240.0,3
8.0,5123.0,3
111.0,9633.0,3
82.0,9066.0,3
62.0,8405.0,3
97.0,9410.0,3
55.0,8156.0,3
89.0,9252.0,3
77.0,8914.0,3
76.0,8826.0,3
18.0,6297.0,3
17.0,6155.0,3
56.0,8221.0,3
40.0,7478.0,3
33.0,7256.0,3
23.0,6622.0,3
20.0,6452.0,3
16.0,6023.0,3
17.0,6155.0,3
95.0,9346.0,3
32.0,7183.0,3
39.0,7443.0,3
59.0,8269.0,3
15.0,5905.0,3
96.0,9395.0,3
16.0,6023.0,3
15.0,5905.0,3
12.0,5622.0,3
102.0,9500.0,3
73.0,8741.0,3
34.0,7264.0,3
35.0,7312.0,3
64.0,8535.0,3
26.0,6851.0,3
104.0,9539.0,3
101.0,9458.0,3
4.0,4528.0,3
6.0,4944.0,3
7.0,5042.0,3
5.0,4626.0,3
18.0,6297.0,3
103.0,9518.0,3
94.0,9323.0,3
1.0,3961.0,3
2.0,4052.0,3
49.0,7850.0,3
78.0,8915.0,3
38.0,7410.0,3
36.0,7320.0,3
92.0,9296.0,3
38.0,7410.0,3
87.0,9154.0,3
70.0,8695.0,3
69.0,8680.0,3
58.0,8243.0,3
72.0,8721.0,3
49.0,7850.0,3
93.0,9309.0,3
30.0,7058.0,3
100.0,9454.0,3
7.0,5042.0,3
71.0,8711.0,3
59.0,8269.0,3
11.0,5398.0,3
10.0,5318.0,3
86.0,9129.0,3
57.0,8239.0,3
83.0,9077.0,3
28.0,6924.0,3
32.0,7183.0,3
26.0,6851.0,3
64.0,8535.0,3
115.0,9671.0,28
0.0,3552.0,28
115.0,9671.0,28
0.0,3552.0,28
1.0,3966.0,28
21.0,6514.0,28
3.0,4375.0,28
2.0,4052.0,28
19.0,6346.0,28
5.0,4648.0,28
6.0,4966.0,28
56.0,8152.0,28
69.0,8673.0,28
32.0,7043.0,28
53.0,8084.0,28
38.0,7344.0,28
9.0,5176.0,28
18.0,6299.0,28
23.0,6551.0,28
11.0,5526.0,28
10.0,5317.0,28
88.0,9180.0,28
43.0,7561.0,28
15.0,5951.0,28
33.0,7164.0,28
86.0,9138.0,28
44.0,7688.0,28
39.0,7358.0,28
25.0,6665.0,28
27.0,6838.0,28
71.0,8742.0,28
16.0,6000.0,28
17.0,6180.0,28
46.0,7773.0,28
52.0,8035.0,28
4.0,4549.0,28
3.0,4375.0,28
68.0,8566.0,28
75.0,8858.0,28
24.0,6625.0,28
76.0,8960.0,28
92.0,9359.0,28
28.0,6891.0,28
97.0,9423.0,28
51.0,7963.0,28
57.0,8216.0,28
91.0,9272.0,28
59.0,8295.0,28
50.0,7931.0,28
73.0,8785.0,28
101.0,9496.0,28
47.0,7823.0,28
10.0,5317.0,28
113.0,9648.0,28
84.0,9085.0,28
45.0,7701.0,28
58.0,8253.0,28
89.0,9238.0,28
111.0,9632.0,28
74.0,8845.0,28
65.0,8525.0,28
63.0,8399.0,28
40.0,7483.0,28
60.0,8350.0,28
49.0,7867.0,28
17.0,6180.0,28
12.0,5622.0,28
13.0,5739.0,28
13.0,5739.0,28
14.0,5855.0,28
81.0,9012.0,28
36.0,7234.0,28
85.0,9092.0,28
41.0,7523.0,28
35.0,7190.0,28
82.0,9059.0,28
30.0,6990.0,28
5.0,4648.0,28
4.0,4549.0,28
7.0,5064.0,28
6.0,4966.0,28
48.0,7865.0,28
106.0,9567.0,28
36.0,7234.0,28
72.0,8749.0,28
11.0,5526.0,28
14.0,5855.0,28
12.0,5622.0,28
105.0,9549.0,28
26.0,6760.0,28
42.0,7536.0,28
99.0,9461.0,28
99.0,9461.0,28
90.0,9258.0,28
62.0,8379.0,28
2.0,4052.0,28
104.0,9525.0,28
67.0,8553.0,28
109.0,9615.0,28
61.0,8366.0,28
66.0,8536.0,28
7.0,5064.0,28
8.0,5145.0,28
107.0,9593.0,28
78.0,8976.0,28
34.0,7186.0,28
93.0,9379.0,28
79.0,8994.0,28
95.0,9399.0,28
26.0,6760.0,28
96.0,9410.0,28
103.0,9518.0,28
114.0,9666.0,28
108.0,9594.0,28
94.0,9385.0,28
63.0,8399.0,28
80.0,9001.0,28
110.0,9624.0,28
77.0,8967.0,28
65.0,8525.0,28
0.0,3552.0,9
113.0,9671.0,9
0.0,3552.0,9
113.0,9671.0,9
1.0,3961.0,9
81.0,9053.0,9
65.0,8536.0,9
49.0,8028.0,9
6.0,4966.0,9
5.0,4647.0,9
2.0,4052.0,9
3.0,4370.0,9
67.0,8613.0,9
78.0,8995.0,9
33.0,7250.0,9
75.0,8947.0,9
39.0,7585.0,9
63.0,8433.0,9
61.0,8345.0,9
46.0,7880.0,9
59.0,8319.0,9
100.0,9488.0,9
68.0,8704.0,9
103.0,9512.0,9
32.0,7191.0,9
83.0,9142.0,9
27.0,6874.0,9
29.0,6970.0,9
30.0,7067.0,9
36.0,7414.0,9
44.0,7815.0,9
3.0,4370.0,9
4.0,4549.0,9
9.0,5224.0,9
37.0,7535.0,9
71.0,8823.0,9
12.0,5375.0,9
11.0,5359.0,9
70.0,8718.0,9
86.0,9158.0,9
107.0,9594.0,9
74.0,8867.0,9
54.0,8150.0,9
28.0,6929.0,9
17.0,5880.0,9
18.0,6030.0,9
111.0,9629.0,9
96.0,9388.0,9
58.0,8239.0,9
62.0,8427.0,9
43.0,7808.0,9
21.0,6309.0,9
22.0,6448.0,9
94.0,9383.0,9
41.0,7704.0,9
91.0,9334.0,9
90.0,9261.0,9
17.0,5880.0,9
16.0,5749.0,9
57.0,8230.0,9
56.0,8165.0,9
34.0,7366.0,9
97.0,9423.0,9
21.0,6309.0,9
20.0,6196.0,9
89.0,9257.0,9
47.0,7922.0,9
16.0,5749.0,9
15.0,5644.0,9
88.0,9207.0,9
35.0,7399.0,9
106.0,9565.0,9
5.0,4647.0,9
4.0,4549.0,9
7.0,5064.0,9
6.0,4966.0,9
19.0,6098.0,9
20.0,6196.0,9
13.0,5472.0,9
112.0,9649.0,9
47.0,7922.0,9
26.0,6791.0,9
25.0,6697.0,9
99.0,9461.0,9
93.0,9358.0,9
98.0,9449.0,9
10.0,5267.0,9
2.0,4052.0,9
1.0,3961.0,9
15.0,5644.0,9
23.0,6527.0,9
14.0,5554.0,9
24.0,6617.0,9
104.0,9534.0,9
73.0,8850.0,9
105.0,9547.0,9
31.0,7106.0,9
52.0,8115.0,9
51.0,8086.0,9
26.0,6791.0,9
13.0,5472.0,9
14.0,5554.0,9
72.0,8835.0,9
7.0,5064.0,9
8.0,5145.0,9
25.0,6697.0,9
24.0,6617.0,9
22.0,6448.0,9
8.0,5145.0,9
23.0,6527.0,9
92.0,9345.0,9
42.0,7730.0,9
109.0,9608.0,9
83.0,9142.0,9
86.0,9158.0,9
55.0,8157.0,9
109.0,9608.0,9
19.0,6098.0,9
18.0,6030.0,9
77.0,8983.0,9
115.0,9671.0,6
115.0,9671.0,6
0.0,3557.0,6
0.0,3557.0,6
1.0,3966.0,6
5.0,4624.0,6
6.0,4970.0,6
3.0,4375.0,6
2.0,4050.0,6
65.0,8426.0,6
16.0,5972.0,6
10.0,5244.0,6
11.0,5494.0,6
22.0,6657.0,6
98.0,9474.0,6
96.0,9417.0,6
53.0,8003.0,6
18.0,6269.0,6
63.0,8324.0,6
40.0,7545.0,6
59.0,8264.0,6
94.0,9395.0,6
21.0,6463.0,6
32.0,7231.0,6
49.0,7838.0,6
34.0,7363.0,6
9.0,5151.0,6
4.0,4554.0,6
3.0,4375.0,6
84.0,9075.0,6
28.0,6947.0,6
8.0,5117.0,6
29.0,6957.0,6
61.0,8293.0,6
87.0,9169.0,6
50.0,7901.0,6
73.0,8675.0,6
81.0,9036.0,6
80.0,8949.0,6
74.0,8754.0,6
91.0,9357.0,6
24.0,6734.0,6
76.0,8793.0,6
17.0,6116.0,6
90.0,9274.0,6
19.0,6279.0,6
77.0,8876.0,6
47.0,7744.0,6
48.0,7766.0,6
70.0,8600.0,6
42.0,7617.0,6
43.0,7701.0,6
82.0,9052.0,6
92.0,9374.0,6
17.0,6116.0,6
58.0,8188.0,6
88.0,9247.0,6
100.0,9498.0,6
37.0,7464.0,6
66.0,8491.0,6
26.0,6768.0,6
106.0,9594.0,6
55.0,8072.0,6
101.0,9509.0,6
23.0,6659.0,6
41.0,7607.0,6
15.0,5910.0,6
14.0,5785.0,6
85.0,9122.0,6
36.0,7411.0,6
108.0,9598.0,6
11.0,5494.0,6
12.0,5608.0,6
52.0,7956.0,6
79.0,8934.0,6
78.0,8891.0,6
51.0,7943.0,6
31.0,7126.0,6
27.0,6843.0,6
13.0,5712.0,6
12.0,5608.0,6
71.0,8635.0,6
105.0,9570.0,6
35.0,7397.0,6
104.0,9544.0,6
33.0,7266.0,6
30.0,7054.0,6
20.0,6368.0,6
21.0,6463.0,6
72.0,8650.0,6
67.0,8511.0,6
10.0,5244.0,6
75.0,8776.0,6
57.0,8174.0,6
20.0,6368.0,6
38.0,7498.0,6
25.0,6759.0,6
62.0,8317.0,6
1.0,3966.0,6
2.0,4050.0,6
89.0,9258.0,6
110.0,9618.0,6
56.0,8151.0,6
113.0,9648.0,6
44.0,7710.0,6
114.0,9663.0,6
7.0,5041.0,6
27.0,6843.0,6
103.0,9523.0,6
111.0,9628.0,6
112.0,9638.0,6
109.0,9602.0,6
14.0,5785.0,6
13.0,5712.0,6
31.0,7126.0,6
30.0,7054.0,6
6.0,4970.0,6
7.0,5041.0,6
5.0,4624.0,6
4.0,4554.0,6
114.0,9671.0,21
114.0,9671.0,21
0.0,3552.0,21
0.0,3552.0,21
1.0,3961.0,21
5.0,4645.0,21
6.0,4966.0,21
2.0,4050.0,21
3.0,4370.0,21
108.0,9597.0,21
29.0,7032.0,21
52.0,8132.0,21
100.0,9488.0,21
55.0,8165.0,21
61.0,8414.0,21
105.0,9545.0,21
32.0,7224.0,21
71.0,8777.0,21
82.0,9066.0,21
20.0,6196.0,21
21.0,6412.0,21
49.0,8020.0,21
28.0,6924.0,21
66.0,8649.0,21
36.0,7406.0,21
96.0,9406.0,21
23.0,6544.0,21
27.0,6874.0,21
22.0,6470.0,21
68.0,8663.0,21
80.0,9012.0,21
31.0,7097.0,21
3.0,4370.0,21
4.0,4549.0,21
34.0,7362.0,21
46.0,7825.0,21
10.0,5392.0,21
11.0,5569.0,21
98.0,9438.0,21
47.0,7860.0,21
10.0,5392.0,21
9.0,5224.0,21
84.0,9071.0,21
65.0,8560.0,21
18.0,6024.0,21
39.0,7599.0,21
87.0,9165.0,21
38.0,7497.0,21
74.0,8938.0,21
15.0,5922.0,21
45.0,7736.0,21
43.0,7712.0,21
17.0,5994.0,21
73.0,8848.0,21
91.0,9325.0,21
75.0,8950.0,21
57.0,8294.0,21
88.0,9241.0,21
110.0,9616.0,21
77.0,8975.0,21
42.0,7626.0,21
51.0,8048.0,21
16.0,5927.0,21
90.0,9269.0,21
72.0,8841.0,21
85.0,9121.0,21
93.0,9377.0,21
63.0,8530.0,21
69.0,8724.0,21
92.0,9365.0,21
14.0,5825.0,21
13.0,5720.0,21
60.0,8405.0,21
24.0,6617.0,21
25.0,6715.0,21
86.0,9137.0,21
35.0,7394.0,21
14.0,5825.0,21
6.0,4966.0,21
5.0,4645.0,21
7.0,5062.0,21
4.0,4549.0,21
19.0,6101.0,21
20.0,6196.0,21
33.0,7269.0,21
59.0,8367.0,21
38.0,7497.0,21
56.0,8204.0,21
2.0,4050.0,21
1.0,3961.0,21
97.0,9423.0,21
64.0,8541.0,21
8.0,5145.0,21
7.0,5062.0,21
26.0,6791.0,21
111.0,9632.0,21
48.0,7942.0,21
79.0,8992.0,21
89.0,9254.0,21
113.0,9651.0,21
40.0,7604.0,21
8.0,5145.0,21
9.0,5224.0,21
48.0,7942.0,21
44.0,7725.0,21
19.0,6101.0,21
102.0,9511.0,21
25.0,6715.0,21
13.0,5720.0,21
12.0,5644.0,21
26.0,6791.0,21
41.0,7625.0,21
11.0,5569.0,21
12.0,5644.0,21
102.0,9511.0,21
57.0,8294.0,21
59.0,8367.0,21
24.0,6617.0,21
112.0,9645.0,21
78.0,8984.0,21
0.0,3552.0,5
114.0,9671.0,5
114.0,9671.0,5
0.0,3552.0,5
1.0,3960.0,5
2.0,4014.0,5
3.0,4369.0,5
6.0,4965.0,5
5.0,4625.0,5
21.0,6561.0,5
38.0,7568.0,5
34.0,7318.0,5
20.0,6366.0,5
9.0,5165.0,5
12.0,5423.0,5
10.0,5340.0,5
85.0,9127.0,5
36.0,7371.0,5
57.0,8204.0,5
60.0,8309.0,5
55.0,8159.0,5
95.0,9382.0,5
40.0,7625.0,5
58.0,8274.0,5
32.0,7093.0,5
17.0,6180.0,5
16.0,5976.0,5
93.0,9361.0,5
15.0,5906.0,5
14.0,5711.0,5
76.0,8892.0,5
3.0,4369.0,5
4.0,4549.0,5
13.0,5601.0,5
18.0,6299.0,5
52.0,8033.0,5
61.0,8387.0,5
51.0,7953.0,5
65.0,8557.0,5
49.0,7899.0,5
84.0,9054.0,5
74.0,8793.0,5
97.0,9415.0,5
75.0,8835.0,5
68.0,8632.0,5
64.0,8466.0,5
28.0,6988.0,5
78.0,8917.0,5
54.0,8093.0,5
88.0,9246.0,5
83.0,9023.0,5
92.0,9286.0,5
41.0,7674.0,5
43.0,7724.0,5
80.0,8956.0,5
37.0,7437.0,5
27.0,6931.0,5
62.0,8424.0,5
73.0,8732.0,5
87.0,9175.0,5
33.0,7217.0,5
45.0,7735.0,5
29.0,7025.0,5
69.0,8679.0,5
17.0,6180.0,5
53.0,8070.0,5
67.0,8583.0,5
13.0,5601.0,5
14.0,5711.0,5
50.0,7925.0,5
26.0,6912.0,5
8.0,5145.0,5
7.0,5041.0,5
42.0,7707.0,5
101.0,9473.0,5
33.0,7217.0,5
23.0,6699.0,5
24.0,6800.0,5
102.0,9492.0,5
103.0,9520.0,5
46.0,7740.0,5
107.0,9592.0,5
63.0,8461.0,5
106.0,9571.0,5
79.0,8931.0,5
31.0,7059.0,5
100.0,9444.0,5
105.0,9550.0,5
30.0,7055.0,5
89.0,9261.0,5
70.0,8698.0,5
104.0,9536.0,5
12.0,5423.0,5
10.0,5340.0,5
113.0,9658.0,5
108.0,9613.0,5
66.0,8573.0,5
48.0,7821.0,5
24.0,6800.0,5
25.0,6877.0,5
72.0,8720.0,5
112.0,9642.0,5
5.0,4625.0,5
6.0,4965.0,5
7.0,5041.0,5
4.0,4549.0,5
71.0,8709.0,5
98.0,9428.0,5
23.0,6699.0,5
22.0,6625.0,5
90.0,9277.0,5
111.0,9635.0,5
15.0,5906.0,5
16.0,5976.0,5
99.0,9436.0,5
110.0,9624.0,5
80.0,8956.0,5
83.0,9023.0,5
20.0,6366.0,5
18.0,6299.0,5
115.0,9671.0,22
0.0,3552.0,22
0.0,3552.0,22
115.0,9671.0,22
1.0,3961.0,22
2.0,4052.0,22
5.0,4648.0,22
6.0,4966.0,22
3.0,4370.0,22
27.0,7002.0,22
26.0,6830.0,22
66.0,8443.0,22
84.0,9160.0,22
33.0,7215.0,22
15.0,5880.0,22
80.0,9003.0,22
35.0,7383.0,22
47.0,7789.0,22
56.0,8147.0,22
55.0,8078.0,22
11.0,5561.0,22
10.0,5347.0,22
53.0,8039.0,22
94.0,9385.0,22
58.0,8188.0,22
18.0,6297.0,22
87.0,9163.0,22
51.0,7919.0,22
82.0,9062.0,22
41.0,7648.0,22
14.0,5846.0,22
64.0,8383.0,22
22.0,6656.0,22
21.0,6476.0,22
4.0,4549.0,22
3.0,4370.0,22
52.0,7972.0,22
98.0,9440.0,22
10.0,5347.0,22
9.0,5176.0,22
8.0,5145.0,22
70.0,8569.0,22
77.0,8841.0,22
78.0,8932.0,22
92.0,9359.0,22
50.0,7832.0,22
100.0,9485.0,22
83.0,9085.0,22
34.0,7366.0,22
71.0,8662.0,22
25.0,6810.0,22
49.0,7818.0,22
45.0,7755.0,22
91.0,9335.0,22
73.0,8749.0,22
67.0,8521.0,22
31.0,7125.0,22
32.0,7185.0,22
17.0,6155.0,22
16.0,6022.0,22
96.0,9411.0,22
72.0,8666.0,22
88.0,9195.0,22
90.0,9264.0,22
16.0,6022.0,22
17.0,6155.0,22
23.0,6668.0,22
63.0,8363.0,22
59.0,8251.0,22
79.0,8945.0,22
44.0,7747.0,22
89.0,9250.0,22
62.0,8308.0,22
74.0,8761.0,22
75.0,8814.0,22
43.0,7685.0,22
38.0,7545.0,22
37.0,7483.0,22
12.0,5633.0,22
13.0,5746.0,22
21.0,6476.0,22
20.0,6369.0,22
61.0,8297.0,22
106.0,9560.0,22
13.0,5746.0,22
37.0,7483.0,22
60.0,8260.0,22
5.0,4648.0,22
4.0,4549.0,22
6.0,4966.0,22
7.0,5064.0,22
40.0,7604.0,22
2.0,4052.0,22
1.0,3961.0,22
107.0,9591.0,22
30.0,7092.0,22
69.0,8551.0,22
102.0,9502.0,22
105.0,9544.0,22
68.0,8537.0,22
97.0,9420.0,22
113.0,9648.0,22
7.0,5064.0,22
76.0,8826.0,22
28.0,7029.0,22
103.0,9519.0,22
104.0,9528.0,22
111.0,9625.0,22
24.0,6733.0,22
112.0,9634.0,22
114.0,9662.0,22
110.0,9610.0,22
11.0,5561.0,22
12.0,5633.0,22
101.0,9487.0,22
109.0,9603.0,22
108.0,9594.0,22
24.0,6733.0,22
30.0,7092.0,22
28.0,7029.0,22
114.0,9671.0,26
0.0,3552.0,26
114.0,9671.0,26
0.0,3552.0,26
1.0,3961.0,26
22.0,6575.0,26
12.0,5562.0,26
2.0,4052.0,26
6.0,4966.0,26
5.0,4648.0,26
3.0,4370.0,26
59.0,8198.0,26
20.0,6453.0,26
11.0,5359.0,26
82.0,9000.0,26
60.0,8288.0,26
56.0,8149.0,26
33.0,7095.0,26
24.0,6617.0,26
62.0,8428.0,26
46.0,7746.0,26
13.0,5624.0,26
64.0,8488.0,26
15.0,5906.0,26
14.0,5712.0,26
61.0,8379.0,26
39.0,7481.0,26
10.0,5340.0,26
27.0,6874.0,26
28.0,6924.0,26
84.0,9063.0,26
3.0,4370.0,26
4.0,4549.0,26
29.0,7006.0,26
78.0,8911.0,26
34.0,7262.0,26
66.0,8559.0,26
72.0,8740.0,26
55.0,8126.0,26
80.0,8984.0,26
16.0,6019.0,26
17.0,6180.0,26
67.0,8637.0,26
73.0,8843.0,26
54.0,8038.0,26
88.0,9239.0,26
35.0,7295.0,26
112.0,9643.0,26
87.0,9157.0,26
51.0,7943.0,26
38.0,7407.0,26
75.0,8873.0,26
76.0,8883.0,26
49.0,7870.0,26
52.0,7977.0,26
86.0,9143.0,26
107.0,9603.0,26
85.0,9074.0,26
43.0,7617.0,26
48.0,7796.0,26
95.0,9379.0,26
79.0,8946.0,26
109.0,9612.0,26
65.0,8524.0,26
94.0,9322.0,26
18.0,6298.0,26
17.0,6180.0,26
9.0,5224.0,26
53.0,8028.0,26
105.0,9556.0,26
16.0,6019.0,26
15.0,5906.0,26
69.0,8674.0,26
70.0,8723.0,26
45.0,7692.0,26
30.0,7049.0,26
37.0,7387.0,26
106.0,9585.0,26
5.0,4648.0,26
4.0,4549.0,26
7.0,5064.0,26
6.0,4966.0,26
101.0,9490.0,26
99.0,9433.0,26
25.0,6697.0,26
26.0,6791.0,26
104.0,9524.0,26
41.0,7585.0,26
2.0,4052.0,26
19.0,6389.0,26
18.0,6298.0,26
1.0,3961.0,26
68.0,8666.0,26
32.0,7085.0,26
31.0,7059.0,26
14.0,5712.0,26
89.0,9255.0,26
98.0,9409.0,26
90.0,9272.0,26
43.0,7617.0,26
26.0,6791.0,26
102.0,9497.0,26
8.0,5145.0,26
7.0,5064.0,26
91.0,9287.0,26
103.0,9518.0,26
25.0,6697.0,26
9.0,5224.0,26
8.0,5145.0,26
92.0,9299.0,26
93.0,9310.0,26
45.0,7692.0,26
96.0,9395.0,26
111.0,9628.0,26
71.0,8731.0,26
110.0,9622.0,26
97.0,9400.0,26
40.0,7547.0,26
36.0,7359.0,26
19.0,6389.0,26
